GEOID,NAME,state,county,tract,pct_age65p,pct_alone65p,poverty_rate,pop_total
36047009202,"Census Tract 92.02, Kings County, New York",36,047,009202,7.47,82.61,32.64,3453
36047009401,"Census Tract 94.01, Kings County, New York",36,047,009401,7.63,76.63,28.96,2293
36047009402,"Census Tract 94.02, Kings County, New York",36,047,009402,8.85,75.38,19.43,2746
36047009600,"Census Tract 96, Kings County, New York",36,047,009600,13.18,69.33,22.11,5858
36047009800,"Census Tract 98, Kings County, New York",36,047,009800,8.64,75.95,23.89,6021
36047010000,"Census Tract 100, Kings County, New York",36,047,010000,12.76,64.13,22.63,5978
36047010100,"Census Tract 101, Kings County, New York",36,047,010100,8.42,80.59,11.23,3944
36047010200,"Census Tract 102, Kings County, New York",36,047,010200,12.59,68.25,12.34,4844
36047010401,"Census Tract 104.01, Kings County, New York",36,047,010401,12.5,79.6,18.32,2152
36047010402,"Census Tract 104.02, Kings County, New York",36,047,010402,14.8,72.49,37.99,2256
36047010601,"Census Tract 106.01, Kings County, New York",36,047,010601,11.27,67.0,28.6,2315
36047010602,"Census Tract 106.02, Kings County, New York",36,047,010602,15.27,51.45,31.56,1952
36047010801,"Census Tract 108.01, Kings County, New York",36,047,010801,14.0,65.71,27.29,1957
36047010802,"Census Tract 108.02, Kings County, New York",36,047,010802,16.77,65.94,34.32,2022
36047011000,"Census Tract 110, Kings County, New York",36,047,011000,10.31,67.83,22.13,2356
36047011200,"Census Tract 112, Kings County, New York",36,047,011200,15.98,64.53,30.12,6088
36047011400,"Census Tract 114, Kings County, New York",36,047,011400,20.93,75.61,40.29,3846
36047011600,"Census Tract 116, Kings County, New York",36,047,011600,7.72,77.93,26.7,3510
36047011700,"Census Tract 117, Kings County, New York",36,047,011700,10.85,75.98,12.02,2949
36047011800,"Census Tract 118, Kings County, New York",36,047,011800,12.05,76.26,19.02,1951
36047011901,"Census Tract 119.01, Kings County, New York",36,047,011901,14.58,76.06,13.42,1358
36047011902,"Census Tract 119.02, Kings County, New York",36,047,011902,,,,0
36047012000,"Census Tract 120, Kings County, New York",36,047,012000,6.86,77.56,16.73,1327
36047012100,"Census Tract 121, Kings County, New York",36,047,012100,6.3,88.82,7.37,1968
36047012200,"Census Tract 122, Kings County, New York",36,047,012200,10.94,70.38,28.15,5144
36047012600,"Census Tract 126, Kings County, New York",36,047,012600,11.47,71.62,17.58,2799
36047012700,"Census Tract 127, Kings County, New York",36,047,012700,13.85,72.01,30.2,4066
36047012801,"Census Tract 128.01, Kings County, New York",36,047,012801,20.54,61.65,32.95,2279
36047012901,"Census Tract 129.01, Kings County, New York",36,047,012901,7.39,84.41,7.13,2246
36047012902,"Census Tract 129.02, Kings County, New York",36,047,012902,5.54,88.53,9.34,2724
36047013000,"Census Tract 130, Kings County, New York",36,047,013000,10.35,78.55,11.02,4416
36047013100,"Census Tract 131, Kings County, New York",36,047,013100,13.36,78.04,10.38,4267
36047013200,"Census Tract 132, Kings County, New York",36,047,013200,16.57,54.53,24.1,2299
36047013300,"Census Tract 133, Kings County, New York",36,047,013300,12.39,74.36,3.27,4465
36047013400,"Census Tract 134, Kings County, New York",36,047,013400,13.98,69.24,11.53,4163
36047013500,"Census Tract 135, Kings County, New York",36,047,013500,6.2,88.71,4.39,4240
36047013600,"Census Tract 136, Kings County, New York",36,047,013600,11.88,75.34,14.27,3829
36047013700,"Census Tract 137, Kings County, New York",36,047,013700,9.93,84.27,8.4,3484
36047013800,"Census Tract 138, Kings County, New York",36,047,013800,13.72,67.94,9.25,3527
36047013900,"Census Tract 139, Kings County, New York",36,047,013900,8.67,82.38,4.6,3574
36047014000,"Census Tract 140, Kings County, New York",36,047,014000,21.35,62.86,14.97,1944
36047014101,"Census Tract 141.01, Kings County, New York",36,047,014101,4.55,92.71,11.17,968
36047014102,"Census Tract 141.02, Kings County, New York",36,047,014102,12.4,80.08,10.95,1863
36047014200,"Census Tract 142, Kings County, New York",36,047,014200,15.27,67.77,6.95,2992
36047014300,"Census Tract 143, Kings County, New York",36,047,014300,8.78,85.43,7.86,3599
36047014500,"Census Tract 145, Kings County, New York",36,047,014500,6.06,89.7,11.67,3909
36047014700,"Census Tract 147, Kings County, New York",36,047,014700,5.06,86.15,12.65,2646
36047014800,"Census Tract 148, Kings County, New York",36,047,014800,24.24,60.78,9.98,1242
36047014901,"Census Tract 149.01, Kings County, New York",36,047,014901,9.34,82.58,9.0,1478
36047014902,"Census Tract 149.02, Kings County, New York",36,047,014902,7.2,88.67,6.16,4569
36047015000,"Census Tract 150, Kings County, New York",36,047,015000,27.89,50.08,9.93,1592
36047015100,"Census Tract 151, Kings County, New York",36,047,015100,15.88,75.2,2.68,4170
36047015200,"Census Tract 152, Kings County, New York",36,047,015200,19.66,64.82,12.99,2650
36047015300,"Census Tract 153, Kings County, New York",36,047,015300,20.4,67.13,3.8,2530
36047015400,"Census Tract 154, Kings County, New York",36,047,015400,0.0,100.0,100.0,10
36047015500,"Census Tract 155, Kings County, New York",36,047,015500,12.53,78.4,4.02,3927
36047015700,"Census Tract 157, Kings County, New York",36,047,015700,12.86,80.61,4.34,4332
36047015900,"Census Tract 159, Kings County, New York",36,047,015900,12.81,80.22,8.91,4778
36047016000,"Census Tract 160, Kings County, New York",36,047,016000,9.55,79.09,15.35,4134
36047016100,"Census Tract 161, Kings County, New York",36,047,016100,17.48,68.75,3.45,3552
36047016200,"Census Tract 162, Kings County, New York",36,047,016200,21.48,65.56,7.4,2169
36047016300,"Census Tract 163, Kings County, New York",36,047,016300,12.32,80.58,12.35,3489
36047016400,"Census Tract 164, Kings County, New York",36,047,016400,3.39,85.1,0.0,1326
36047016500,"Census Tract 165, Kings County, New York",36,047,016500,11.12,81.86,5.36,5973
36047016600,"Census Tract 166, Kings County, New York",36,047,016600,25.49,51.29,2.43,1852
36047016700,"Census Tract 167, Kings County, New York",36,047,016700,13.35,80.93,2.54,4906
36047016800,"Census Tract 168, Kings County, New York",36,047,016800,19.75,64.15,7.02,1924
36047016900,"Census Tract 169, Kings County, New York",36,047,016900,9.96,82.07,16.38,4817
36047017000,"Census Tract 170, Kings County, New York",36,047,017000,26.51,49.43,9.91,2935
36047017100,"Census Tract 171, Kings County, New York",36,047,017100,14.03,73.71,4.05,4213
36047017200,"Census Tract 172, Kings County, New York",36,047,017200,18.5,65.49,8.45,3275
36047017400,"Census Tract 174, Kings County, New York",36,047,017400,13.92,67.26,4.5,2155
36047017500,"Census Tract 175, Kings County, New York",36,047,017500,,,,0
36047017600,"Census Tract 176, Kings County, New York",36,047,017600,12.51,73.68,14.05,2455
36047017700,"Census Tract 177, Kings County, New York",36,047,017700,,,,0
36047017800,"Census Tract 178, Kings County, New York",36,047,017800,16.44,72.77,12.36,3041
36047017900,"Census Tract 179, Kings County, New York",36,047,017900,19.57,64.62,21.48,4385
36047018000,"Census Tract 180, Kings County, New York",36,047,018000,13.41,69.58,9.93,3424
36047018100,"Census Tract 181, Kings County, New York",36,047,018100,12.44,84.61,4.56,3785
36047018200,"Census Tract 182, Kings County, New York",36,047,018200,16.34,58.88,13.83,3421
36047018300,"Census Tract 183, Kings County, New York",36,047,018300,4.02,92.08,7.75,2663
36047018400,"Census Tract 184, Kings County, New York",36,047,018400,19.8,62.14,7.32,2318
36047018501,"Census Tract 185.01, Kings County, New York",36,047,018501,13.75,71.76,29.73,4130
36047018600,"Census Tract 186, Kings County, New York",36,047,018600,16.98,55.84,11.62,2255
36047018700,"Census Tract 187, Kings County, New York",36,047,018700,14.32,65.89,13.16,1459
36047018800,"Census Tract 188, Kings County, New York",36,047,018800,16.76,73.6,10.6,2905
36047019000,"Census Tract 190, Kings County, New York",36,047,019000,16.07,66.71,12.86,4543
36047019100,"Census Tract 191, Kings County, New York",36,047,019100,3.51,91.59,16.11,2964
36047019200,"Census Tract 192, Kings County, New York",36,047,019200,12.19,72.12,23.65,2716
36047019300,"Census Tract 193, Kings County, New York",36,047,019300,18.27,62.52,19.01,6140
36047019400,"Census Tract 194, Kings County, New York",36,047,019400,19.74,56.95,28.08,3465
36047019500,"Census Tract 195, Kings County, New York",36,047,019500,19.47,71.4,15.22,3128
36047019600,"Census Tract 196, Kings County, New York",36,047,019600,20.01,59.66,25.87,4238
36047019700,"Census Tract 197, Kings County, New York",36,047,019700,9.7,83.5,4.84,3669
36047019800,"Census Tract 198, Kings County, New York",36,047,019800,16.09,64.7,14.61,1877
36047019900,"Census Tract 199, Kings County, New York",36,047,019900,6.29,88.42,8.2,3769
36047020000,"Census Tract 200, Kings County, New York",36,047,020000,19.34,60.58,16.78,2296
36047020100,"Census Tract 201, Kings County, New York",36,047,020100,12.36,81.53,5.75,3940
36047020200,"Census Tract 202, Kings County, New York",36,047,020200,13.96,67.92,10.75,1963
36047020300,"Census Tract 203, Kings County, New York",36,047,020300,8.12,86.72,7.95,1773
36047020400,"Census Tract 204, Kings County, New York",36,047,020400,19.42,60.42,6.96,1710
36047020500,"Census Tract 205, Kings County, New York",36,047,020500,5.69,88.11,6.95,3164
36047020600,"Census Tract 206, Kings County, New York",36,047,020600,16.05,70.02,13.0,2355
36047020700,"Census Tract 207, Kings County, New York",36,047,020700,12.67,80.89,3.65,4490
36047020800,"Census Tract 208, Kings County, New York",36,047,020800,13.87,71.85,5.81,3159
36047021000,"Census Tract 210, Kings County, New York",36,047,021000,11.87,76.27,29.38,3935
36047021100,"Census Tract 211, Kings County, New York",36,047,021100,6.94,88.11,10.59,2795
36047021200,"Census Tract 212, Kings County, New York",36,047,021200,13.29,72.75,19.81,4123
36047021300,"Census Tract 213, Kings County, New York",36,047,021300,10.73,79.69,20.62,4166
36047021400,"Census Tract 214, Kings County, New York",36,047,021400,6.58,80.35,38.41,2128
36047021500,"Census Tract 215, Kings County, New York",36,047,021500,15.07,75.04,12.92,6013
36047021600,"Census Tract 216, Kings County, New York",36,047,021600,10.61,68.16,38.63,3790
36047021700,"Census Tract 217, Kings County, New York",36,047,021700,17.32,69.57,15.91,3407
36047021800,"Census Tract 218, Kings County, New York",36,047,021800,11.35,71.92,23.66,2891
36047021900,"Census Tract 219, Kings County, New York",36,047,021900,16.24,72.87,15.31,3677
36047022000,"Census Tract 220, Kings County, New York",36,047,022000,8.01,78.47,50.62,4894
36047022100,"Census Tract 221, Kings County, New York",36,047,022100,16.42,70.6,28.04,3813
36047022200,"Census Tract 222, Kings County, New York",36,047,022200,11.63,64.18,46.78,3991
36047022400,"Census Tract 224, Kings County, New York",36,047,022400,5.23,83.28,23.4,5393
36047022600,"Census Tract 226, Kings County, New York",36,047,022600,5.54,85.82,10.38,2167
36047022700,"Census Tract 227, Kings County, New York",36,047,022700,5.01,88.72,7.67,3873
36047022800,"Census Tract 228, Kings County, New York",36,047,022800,5.54,82.65,35.92,3938
36047022900,"Census Tract 229, Kings County, New York",36,047,022900,5.04,88.65,11.96,3832
36047023000,"Census Tract 230, Kings County, New York",36,047,023000,7.36,76.93,40.77,4619
36047023100,"Census Tract 231, Kings County, New York",36,047,023100,11.86,76.6,7.45,3652
36047023200,"Census Tract 232, Kings County, New York",36,047,023200,9.28,72.74,42.1,5865
36047023300,"Census Tract 233, Kings County, New York",36,047,023300,8.09,84.24,29.6,6023
36047023400,"Census Tract 234, Kings County, New York",36,047,023400,9.93,69.73,51.07,4833
36047023500,"Census Tract 235, Kings County, New York",36,047,023500,1.33,97.2,47.34,5036
36047023600,"Census Tract 236, Kings County, New York",36,047,023600,9.96,71.47,50.26,5352
36047023800,"Census Tract 238, Kings County, New York",36,047,023800,14.57,63.98,40.14,3817
36047024000,"Census Tract 240, Kings County, New York",36,047,024000,11.59,72.24,46.48,5167
36047024100,"Census Tract 241, Kings County, New York",36,047,024100,6.63,87.56,25.88,2955
36047024200,"Census Tract 242, Kings County, New York",36,047,024200,13.45,70.64,17.16,2826
36047024300,"Census Tract 243, Kings County, New York",36,047,024300,16.28,69.57,15.19,4214
36047024400,"Census Tract 244, Kings County, New York",36,047,024400,7.81,76.67,30.98,3547
36047024500,"Census Tract 245, Kings County, New York",36,047,024500,8.17,81.79,10.49,4688
36047024600,"Census Tract 246, Kings County, New York",36,047,024600,16.39,62.34,14.26,2868
36047024700,"Census Tract 247, Kings County, New York",36,047,024700,4.93,89.79,32.04,2697
36047024800,"Census Tract 248, Kings County, New York",36,047,024800,15.42,65.84,7.69,2548
36047024900,"Census Tract 249, Kings County, New York",36,047,024900,4.12,93.12,18.88,4147
36047025000,"Census Tract 250, Kings County, New York",36,047,025000,13.9,64.87,14.36,1799
36047025100,"Census Tract 251, Kings County, New York",36,047,025100,9.66,78.16,21.85,3716
36047025200,"Census Tract 252, Kings County, New York",36,047,025200,9.87,80.42,19.1,5257
36047025300,"Census Tract 253, Kings County, New York",36,047,025300,11.26,79.53,21.1,3616
36047025400,"Census Tract 254, Kings County, New York",36,047,025400,20.04,58.57,20.76,3178
36047025500,"Census Tract 255, Kings County, New York",36,047,025500,8.94,80.71,38.84,5203
36047025600,"Census Tract 256, Kings County, New York",36,047,025600,12.57,66.05,27.15,3166
36047025700,"Census Tract 257, Kings County, New York",36,047,025700,4.05,89.97,17.59,2541
36047025800,"Census Tract 258, Kings County, New York",36,047,025800,14.75,66.32,21.76,4467
36047025901,"Census Tract 259.01, Kings County, New York",36,047,025901,6.4,83.52,24.01,1874
36047025902,"Census Tract 259.02, Kings County, New York",36,047,025902,7.21,80.69,51.24,3650
36047026000,"Census Tract 260, Kings County, New York",36,047,026000,17.93,58.49,12.81,3184
36047026100,"Census Tract 261, Kings County, New York",36,047,026100,6.4,85.47,34.17,4798
36047026200,"Census Tract 262, Kings County, New York",36,047,026200,13.05,70.11,6.13,2513
36047026300,"Census Tract 263, Kings County, New York",36,047,026300,10.41,84.01,22.65,2047
36047026400,"Census Tract 264, Kings County, New York",36,047,026400,10.78,74.2,17.4,4491
36047026500,"Census Tract 265, Kings County, New York",36,047,026500,13.67,76.66,13.43,4032
36047026600,"Census Tract 266, Kings County, New York",36,047,026600,12.47,65.56,10.83,3592
36047026700,"Census Tract 267, Kings County, New York",36,047,026700,21.49,66.06,10.48,4277
36047026800,"Census Tract 268, Kings County, New York",36,047,026800,22.49,56.14,13.46,4299
36047026900,"Census Tract 269, Kings County, New York",36,047,026900,8.11,82.16,19.26,3365
36047027000,"Census Tract 270, Kings County, New York",36,047,027000,13.97,72.36,32.04,2147
36047027100,"Census Tract 271, Kings County, New York",36,047,027100,10.47,77.84,16.09,3351
36047027200,"Census Tract 272, Kings County, New York",36,047,027200,20.43,58.3,18.04,3725
36047027300,"Census Tract 273, Kings County, New York",36,047,027300,10.3,77.62,8.99,3651
36047027400,"Census Tract 274, Kings County, New York",36,047,027400,17.92,55.38,13.62,3377
36047027500,"Census Tract 275, Kings County, New York",36,047,027500,11.12,76.47,18.36,4711
36047027600,"Census Tract 276, Kings County, New York",36,047,027600,10.97,71.11,15.43,3638
36047027700,"Census Tract 277, Kings County, New York",36,047,027700,7.73,82.46,24.16,4449
36047027800,"Census Tract 278, Kings County, New York",36,047,027800,16.59,61.62,9.3,3141
36047027900,"Census Tract 279, Kings County, New York",36,047,027900,12.66,77.9,16.08,3548
36047028000,"Census Tract 280, Kings County, New York",36,047,028000,11.61,73.2,14.45,1869
36047028100,"Census Tract 281, Kings County, New York",36,047,028100,5.38,87.05,33.73,4738
36047028200,"Census Tract 282, Kings County, New York",36,047,028200,20.5,64.8,13.68,3605
36047028300,"Census Tract 283, Kings County, New York",36,047,028300,12.08,75.19,30.89,3701
36047028400,"Census Tract 284, Kings County, New York",36,047,028400,17.33,65.14,16.08,3440
36047028501,"Census Tract 285.01, Kings County, New York",36,047,028501,7.25,93.42,38.59,386
36047028502,"Census Tract 285.02, Kings County, New York",36,047,028502,27.72,53.0,30.58,2937
36047028600,"Census Tract 286, Kings County, New York",36,047,028600,15.81,61.09,24.12,5257
36047028700,"Census Tract 287, Kings County, New York",36,047,028700,11.15,75.98,23.98,3308
36047028800,"Census Tract 288, Kings County, New York",36,047,028800,20.86,55.96,15.84,3422
36047028900,"Census Tract 289, Kings County, New York",36,047,028900,13.41,67.85,31.03,3728
36047029000,"Census Tract 290, Kings County, New York",36,047,029000,24.33,55.45,29.47,3539
36047029100,"Census Tract 291, Kings County, New York",36,047,029100,9.41,77.71,8.77,3232
36047029200,"Census Tract 292, Kings County, New York",36,047,029200,14.66,68.28,15.27,2776
36047029300,"Census Tract 293, Kings County, New York",36,047,029300,17.03,70.02,29.82,3353
36047029400,"Census Tract 294, Kings County, New York",36,047,029400,28.95,78.79,24.26,2494
36047029500,"Census Tract 295, Kings County, New York",36,047,029500,8.5,83.96,23.03,4212
36047029600,"Census Tract 296, Kings County, New York",36,047,029600,12.3,72.29,26.06,5246
36047029700,"Census Tract 297, Kings County, New York",36,047,029700,11.63,74.83,18.52,4412
36047029800,"Census Tract 298, Kings County, New York",36,047,029800,12.08,74.23,25.71,3734
36047029900,"Census Tract 299, Kings County, New York",36,047,029900,16.67,81.86,28.36,2297
36047030000,"Census Tract 300, Kings County, New York",36,047,030000,10.98,75.86,15.14,3997
36047030100,"Census Tract 301, Kings County, New York",36,047,030100,11.25,75.64,24.91,3021
36047030200,"Census Tract 302, Kings County, New York",36,047,030200,19.48,58.15,14.46,4419
36047030300,"Census Tract 303, Kings County, New York",36,047,030300,14.8,70.27,24.36,4864
36047030400,"Census Tract 304, Kings County, New York",36,047,030400,24.0,57.09,18.76,4358
36047030500,"Census Tract 305, Kings County, New York",36,047,030500,10.64,86.17,10.54,6806
36047030600,"Census Tract 306, Kings County, New York",36,047,030600,18.79,61.07,20.52,1852
36047030700,"Census Tract 307, Kings County, New York",36,047,030700,6.66,85.4,43.33,7084
36047030800,"Census Tract 308, Kings County, New York",36,047,030800,24.52,58.78,6.79,2035
36047030900,"Census Tract 309, Kings County, New York",36,047,030900,6.65,83.13,17.83,2302
36047031100,"Census Tract 311, Kings County, New York",36,047,031100,6.75,83.98,20.43,2991
36047031300,"Census Tract 313, Kings County, New York",36,047,031300,15.07,78.97,16.25,4943
36047031401,"Census Tract 314.01, Kings County, New York",36,047,031401,20.31,56.0,5.92,4972
36047031402,"Census Tract 314.02, Kings County, New York",36,047,031402,,,,0
36047031500,"Census Tract 315, Kings County, New York",36,047,031500,10.93,81.86,14.89,5140
36047031701,"Census Tract 317.01, Kings County, New York",36,047,031701,8.66,80.91,7.88,3671
36047031702,"Census Tract 317.02, Kings County, New York",36,047,031702,7.85,85.74,8.58,3744
36047031900,"Census Tract 319, Kings County, New York",36,047,031900,12.96,73.73,7.83,2847
36047032100,"Census Tract 321, Kings County, New York",36,047,032100,16.42,65.27,12.6,5396
36047032300,"Census Tract 323, Kings County, New York",36,047,032300,16.46,65.05,20.04,3542
36047032500,"Census Tract 325, Kings County, New York",36,047,032500,16.66,68.48,19.34,5888
36047032600,"Census Tract 326, Kings County, New York",36,047,032600,11.45,74.22,42.54,6794
36047032700,"Census Tract 327, Kings County, New York",36,047,032700,15.73,70.67,13.65,2696
36047032800,"Census Tract 328, Kings County, New York",36,047,032800,27.3,56.9,19.26,2586
36047032900,"Census Tract 329, Kings County, New York",36,047,032900,12.61,69.24,28.74,6083
36047033000,"Census Tract 330, Kings County, New York",36,047,033000,20.74,57.62,38.88,4821
36047033100,"Census Tract 331, Kings County, New York",36,047,033100,15.07,73.44,20.58,4168
36047033300,"Census Tract 333, Kings County, New York",36,047,033300,13.87,65.15,23.52,4579
36047033500,"Census Tract 335, Kings County, New York",36,047,033500,15.48,64.75,15.4,3094
36047033600,"Census Tract 336, Kings County, New York",36,047,033600,16.72,66.65,17.13,4701
36047033701,"Census Tract 337.01, Kings County, New York",36,047,033701,13.43,71.24,10.12,2211
36047033702,"Census Tract 337.02, Kings County, New York",36,047,033702,9.11,82.84,16.84,1669
36047033900,"Census Tract 339, Kings County, New York",36,047,033900,23.31,60.75,25.17,4398
36047034000,"Census Tract 340, Kings County, New York",36,047,034000,47.71,48.41,41.76,1991
36047034100,"Census Tract 341, Kings County, New York",36,047,034100,20.57,69.4,17.13,3194
36047034200,"Census Tract 342, Kings County, New York",36,047,034200,28.81,49.68,36.56,6151
36047034300,"Census Tract 343, Kings County, New York",36,047,034300,18.62,67.73,43.0,4942
36047034500,"Census Tract 345, Kings County, New York",36,047,034500,4.96,89.55,18.86,2924
36047034700,"Census Tract 347, Kings County, New York",36,047,034700,13.67,77.57,23.63,3496
36047034800,"Census Tract 348, Kings County, New York",36,047,034800,3.86,89.63,31.18,3055
36047034901,"Census Tract 349.01, Kings County, New York",36,047,034901,6.08,86.27,20.12,2023
36047034902,"Census Tract 349.02, Kings County, New York",36,047,034902,8.96,81.04,19.34,4320
36047035000,"Census Tract 350, Kings County, New York",36,047,035000,42.04,41.09,18.28,2971
36047035101,"Census Tract 351.01, Kings County, New York",36,047,035101,16.22,62.49,28.33,2330
36047035102,"Census Tract 351.02, Kings County, New York",36,047,035102,21.34,57.87,16.64,2320
36047035200,"Census Tract 352, Kings County, New York",36,047,035200,70.14,14.68,63.6,1162
36047035301,"Census Tract 353.01, Kings County, New York",36,047,035301,6.33,84.9,34.51,2559
36047035302,"Census Tract 353.02, Kings County, New York",36,047,035302,14.57,73.34,9.91,2725
36047035400,"Census Tract 354, Kings County, New York",36,047,035400,35.3,40.13,11.36,5720
36047035500,"Census Tract 355, Kings County, New York",36,047,035500,12.97,69.28,12.86,5499
36047035601,"Census Tract 356.01, Kings County, New York",36,047,035601,56.4,28.12,23.46,2553
36047035602,"Census Tract 356.02, Kings County, New York",36,047,035602,35.14,42.38,7.86,5586
36047035701,"Census Tract 357.01, Kings County, New York",36,047,035701,9.5,80.1,27.67,2317
36047035702,"Census Tract 357.02, Kings County, New York",36,047,035702,,,,0
36047035900,"Census Tract 359, Kings County, New York",36,047,035900,8.2,80.77,36.43,5718
36047036001,"Census Tract 360.01, Kings County, New York",36,047,036001,39.77,43.26,28.52,3156
36047036002,"Census Tract 360.02, Kings County, New York",36,047,036002,51.57,21.9,39.12,3878
36047036100,"Census Tract 361, Kings County, New York",36,047,036100,22.23,56.33,38.44,2834
36047036200,"Census Tract 362, Kings County, New York",36,047,036200,13.24,72.73,24.63,3678
36047036300,"Census Tract 363, Kings County, New York",36,047,036300,15.6,67.32,33.59,5109
36047036400,"Census Tract 364, Kings County, New York",36,047,036400,19.48,58.74,20.65,2325
36047036501,"Census Tract 365.01, Kings County, New York",36,047,036501,14.9,68.02,15.26,3564
36047036502,"Census Tract 365.02, Kings County, New York",36,047,036502,2.94,92.64,29.86,1562
36047036600,"Census Tract 366, Kings County, New York",36,047,036600,17.68,70.62,37.28,4129
36047036700,"Census Tract 367, Kings County, New York",36,047,036700,5.04,87.7,17.84,1211
36047036900,"Census Tract 369, Kings County, New York",36,047,036900,7.94,83.04,32.85,6056
36047037000,"Census Tract 370, Kings County, New York",36,047,037000,23.51,56.64,16.62,4016
36047037100,"Census Tract 371, Kings County, New York",36,047,037100,8.19,80.07,15.08,4689
36047037300,"Census Tract 373, Kings County, New York",36,047,037300,9.64,78.89,27.65,4358
36047037401,"Census Tract 374.01, Kings County, New York",36,047,037401,17.35,62.49,14.92,4679
36047037402,"Census Tract 374.02, Kings County, New York",36,047,037402,26.93,49.43,14.93,4661
36047037500,"Census Tract 375, Kings County, New York",36,047,037500,12.07,74.73,12.02,3232
36047037700,"Census Tract 377, Kings County, New York",36,047,037700,15.58,70.94,19.67,4575
36047037900,"Census Tract 379, Kings County, New York",36,047,037900,17.02,64.0,27.08,4671
36047038100,"Census Tract 381, Kings County, New York",36,047,038100,11.98,76.21,22.78,5351
36047038200,"Census Tract 382, Kings County, New York",36,047,038200,14.53,69.59,40.86,5714
36047038300,"Census Tract 383, Kings County, New York",36,047,038300,11.97,76.41,20.99,4737
36047038500,"Census Tract 385, Kings County, New York",36,047,038500,16.26,60.79,9.41,4324
36047038600,"Census Tract 386, Kings County, New York",36,047,038600,11.28,72.16,10.88,3448
36047038700,"Census Tract 387, Kings County, New York",36,047,038700,10.67,79.08,31.09,3965
36047038800,"Census Tract 388, Kings County, New York",36,047,038800,11.95,74.37,15.34,4419
36047038900,"Census Tract 389, Kings County, New York",36,047,038900,7.68,85.32,13.07,3007
36047039000,"Census Tract 390, Kings County, New York",36,047,039000,18.38,61.78,11.56,2486
36047039100,"Census Tract 391, Kings County, New York",36,047,039100,8.8,83.93,21.15,3536
36047039200,"Census Tract 392, Kings County, New York",36,047,039200,11.2,76.97,11.65,3108
36047039300,"Census Tract 393, Kings County, New York",36,047,039300,5.83,86.15,22.04,4012
36047039400,"Census Tract 394, Kings County, New York",36,047,039400,20.4,57.08,26.43,2240
36005019900,"Census Tract 199, Bronx County, New York",36,005,019900,10.55,73.26,36.9,7937
36005020000,"Census Tract 200, Bronx County, New York",36,005,020000,9.12,76.94,22.21,4750
36005020100,"Census Tract 201, Bronx County, New York",36,005,020100,11.71,71.12,35.12,3887
36005020200,"Census Tract 202, Bronx County, New York",36,005,020200,15.67,69.03,22.43,2387
36005020400,"Census Tract 204, Bronx County, New York",36,005,020400,9.3,80.89,17.23,3279
36005020501,"Census Tract 205.01, Bronx County, New York",36,005,020501,12.21,72.86,47.33,6910
36005020502,"Census Tract 205.02, Bronx County, New York",36,005,020502,16.63,62.41,26.78,2285
36005020601,"Census Tract 206.01, Bronx County, New York",36,005,020601,15.15,66.09,25.48,2469
36005020900,"Census Tract 209, Bronx County, New York",36,005,020900,9.14,83.01,25.01,4466
36005021001,"Census Tract 210.01, Bronx County, New York",36,005,021001,15.05,73.87,17.25,8489
36005021002,"Census Tract 210.02, Bronx County, New York",36,005,021002,13.11,72.39,18.67,7958
36005021100,"Census Tract 211, Bronx County, New York",36,005,021100,8.79,73.32,34.02,5642
36005021200,"Census Tract 212, Bronx County, New York",36,005,021200,15.57,69.52,17.28,4931
36005021301,"Census Tract 213.01, Bronx County, New York",36,005,021301,9.79,74.82,23.4,1175
36005021302,"Census Tract 213.02, Bronx County, New York",36,005,021302,25.13,51.29,50.66,5369
36005021501,"Census Tract 215.01, Bronx County, New York",36,005,021501,7.82,75.66,25.08,4478
36005021502,"Census Tract 215.02, Bronx County, New York",36,005,021502,6.52,81.16,34.55,6397
36005021601,"Census Tract 216.01, Bronx County, New York",36,005,021601,8.7,81.27,26.13,4436
36005021602,"Census Tract 216.02, Bronx County, New York",36,005,021602,10.19,75.18,16.69,5880
36005021700,"Census Tract 217, Bronx County, New York",36,005,021700,5.18,81.86,26.76,5233
36005021800,"Census Tract 218, Bronx County, New York",36,005,021800,11.7,78.01,31.44,6010
36005021900,"Census Tract 219, Bronx County, New York",36,005,021900,12.14,71.24,33.61,857
36005022000,"Census Tract 220, Bronx County, New York",36,005,022000,6.1,83.23,41.74,1985
36005022101,"Census Tract 221.01, Bronx County, New York",36,005,022101,6.96,80.84,31.92,3908
36005022102,"Census Tract 221.02, Bronx County, New York",36,005,022102,4.88,84.43,34.99,5433
36005022200,"Census Tract 222, Bronx County, New York",36,005,022200,7.83,80.04,24.58,3064
36005022300,"Census Tract 223, Bronx County, New York",36,005,022300,11.3,73.01,37.54,5168
36005022401,"Census Tract 224.01, Bronx County, New York",36,005,022401,14.49,76.12,14.44,2470
36005022403,"Census Tract 224.03, Bronx County, New York",36,005,022403,13.01,72.2,15.89,2920
36005022404,"Census Tract 224.04, Bronx County, New York",36,005,022404,11.66,80.64,15.31,4384
36005022500,"Census Tract 225, Bronx County, New York",36,005,022500,7.17,77.34,22.61,8937
36005022701,"Census Tract 227.01, Bronx County, New York",36,005,022701,9.73,79.27,35.0,4748
36005022702,"Census Tract 227.02, Bronx County, New York",36,005,022702,16.93,67.66,34.94,1494
36005022703,"Census Tract 227.03, Bronx County, New York",36,005,022703,9.1,77.54,37.03,1858
36005022800,"Census Tract 228, Bronx County, New York",36,005,022800,13.31,74.68,16.26,6238
36005022901,"Census Tract 229.01, Bronx County, New York",36,005,022901,7.2,81.89,32.64,5196
36005022902,"Census Tract 229.02, Bronx County, New York",36,005,022902,7.93,83.87,35.06,3416
36005019700,"Census Tract 197, Bronx County, New York",36,005,019700,7.84,77.14,50.62,7126
36005023000,"Census Tract 230, Bronx County, New York",36,005,023000,8.93,77.55,24.67,2821
36005023100,"Census Tract 231, Bronx County, New York",36,005,023100,13.38,81.73,35.64,1569
36005023200,"Census Tract 232, Bronx County, New York",36,005,023200,15.16,70.27,19.48,2382
36005023301,"Census Tract 233.01, Bronx County, New York",36,005,023301,10.66,76.83,26.99,3855
36005023302,"Census Tract 233.02, Bronx County, New York",36,005,023302,6.37,79.19,35.62,3581
36005023501,"Census Tract 235.01, Bronx County, New York",36,005,023501,11.76,69.42,47.73,3222
36005023502,"Census Tract 235.02, Bronx County, New York",36,005,023502,15.67,58.08,27.54,4346
36005023600,"Census Tract 236, Bronx County, New York",36,005,023600,16.03,59.23,20.49,1609
36047054600,"Census Tract 546, Kings County, New York",36,047,054600,21.11,62.43,21.12,4798
36047054700,"Census Tract 547, Kings County, New York",36,047,054700,3.7,90.43,31.33,5970
36047054800,"Census Tract 548, Kings County, New York",36,047,054800,18.56,61.25,13.69,2134
36047054900,"Census Tract 549, Kings County, New York",36,047,054900,0.9,98.42,26.02,4434
36047055000,"Census Tract 550, Kings County, New York",36,047,055000,18.9,67.68,15.74,3223
36047055100,"Census Tract 551, Kings County, New York",36,047,055100,14.23,82.46,13.77,5033
36047055200,"Census Tract 552, Kings County, New York",36,047,055200,22.58,61.65,11.31,3393
36047055300,"Census Tract 553, Kings County, New York",36,047,055300,8.84,85.89,20.14,2942
36047055400,"Census Tract 554, Kings County, New York",36,047,055400,13.04,71.32,11.27,4064
36047055500,"Census Tract 555, Kings County, New York",36,047,055500,2.51,95.43,7.5,8541
36047055600,"Census Tract 556, Kings County, New York",36,047,055600,18.1,59.55,26.37,3657
36047055700,"Census Tract 557, Kings County, New York",36,047,055700,5.82,91.06,10.47,1633
36047055800,"Census Tract 558, Kings County, New York",36,047,055800,20.35,53.33,15.71,2496
36047056000,"Census Tract 560, Kings County, New York",36,047,056000,28.38,48.48,12.51,3390
36047056100,"Census Tract 561, Kings County, New York",36,047,056100,12.05,78.01,3.73,3561
36047056200,"Census Tract 562, Kings County, New York",36,047,056200,21.81,42.88,1.09,1747
36047056301,"Census Tract 563.01, Kings County, New York",36,047,056301,13.47,73.32,15.84,4024
36047056302,"Census Tract 563.02, Kings County, New York",36,047,056302,2.71,93.3,16.92,1513
36047056400,"Census Tract 564, Kings County, New York",36,047,056400,20.84,60.17,7.69,2491
36047056500,"Census Tract 565, Kings County, New York",36,047,056500,12.68,80.35,7.8,3177
36047056600,"Census Tract 566, Kings County, New York",36,047,056600,19.18,62.62,11.72,2748
36047056800,"Census Tract 568, Kings County, New York",36,047,056800,21.46,66.05,17.12,1449
36047056900,"Census Tract 569, Kings County, New York",36,047,056900,17.06,72.84,4.04,1559
36047057000,"Census Tract 570, Kings County, New York",36,047,057000,32.69,46.81,6.59,3576
36047057100,"Census Tract 571, Kings County, New York",36,047,057100,11.27,78.19,10.62,3956
36047057200,"Census Tract 572, Kings County, New York",36,047,057200,17.39,67.83,29.7,5222
36047057300,"Census Tract 573, Kings County, New York",36,047,057300,9.95,81.64,9.65,2321
36047057400,"Census Tract 574, Kings County, New York",36,047,057400,24.37,56.71,13.3,2934
36047057500,"Census Tract 575, Kings County, New York",36,047,057500,11.88,84.46,10.85,3873
36047057600,"Census Tract 576, Kings County, New York",36,047,057600,19.57,57.24,10.44,3005
36047057800,"Census Tract 578, Kings County, New York",36,047,057800,19.0,60.24,23.98,2827
36047057901,"Census Tract 579.01, Kings County, New York",36,047,057901,14.36,77.78,26.51,1149
36047057902,"Census Tract 579.02, Kings County, New York",36,047,057902,,,,0
36047058000,"Census Tract 580, Kings County, New York",36,047,058000,16.2,58.83,20.69,4099
36047058200,"Census Tract 582, Kings County, New York",36,047,058200,8.1,78.23,11.04,2554
36047058400,"Census Tract 584, Kings County, New York",36,047,058400,16.83,68.32,10.08,3530
36047058600,"Census Tract 586, Kings County, New York",36,047,058600,18.71,61.72,14.4,2689
36047058800,"Census Tract 588, Kings County, New York",36,047,058800,19.6,62.1,5.37,3357
36047058901,"Census Tract 589.01, Kings County, New York",36,047,058901,16.5,76.01,5.54,1624
36047058902,"Census Tract 589.02, Kings County, New York",36,047,058902,,,,0
36047059000,"Census Tract 590, Kings County, New York",36,047,059000,14.58,67.61,19.69,1722
36047059100,"Census Tract 591, Kings County, New York",36,047,059100,11.99,78.89,7.55,3595
36047059200,"Census Tract 592, Kings County, New York",36,047,059200,16.94,69.7,12.88,4013
36047059300,"Census Tract 593, Kings County, New York",36,047,059300,10.7,80.02,14.47,2121
36047059402,"Census Tract 594.02, Kings County, New York",36,047,059402,19.99,61.03,6.31,5248
36047059403,"Census Tract 594.03, Kings County, New York",36,047,059403,18.74,62.28,16.31,3367
36005023703,"Census Tract 237.03, Bronx County, New York",36,005,023703,4.54,85.37,44.61,5662
36005023704,"Census Tract 237.04, Bronx County, New York",36,005,023704,5.84,86.61,50.33,3838
36005023800,"Census Tract 238, Bronx County, New York",36,005,023800,9.25,77.12,12.57,2281
36005023900,"Census Tract 239, Bronx County, New York",36,005,023900,5.96,82.37,28.69,7947
36005024000,"Census Tract 240, Bronx County, New York",36,005,024000,9.0,75.04,31.03,3932
36005024100,"Census Tract 241, Bronx County, New York",36,005,024100,9.01,75.37,33.03,6546
36005024300,"Census Tract 243, Bronx County, New York",36,005,024300,6.53,82.22,35.2,5467
36005024400,"Census Tract 244, Bronx County, New York",36,005,024400,14.19,74.63,6.7,2015
36005024501,"Census Tract 245.01, Bronx County, New York",36,005,024501,12.45,73.71,43.38,4804
36005024502,"Census Tract 245.02, Bronx County, New York",36,005,024502,9.58,78.47,26.89,3632
36005024600,"Census Tract 246, Bronx County, New York",36,005,024600,18.47,65.24,16.59,2095
36005024700,"Census Tract 247, Bronx County, New York",36,005,024700,14.64,75.77,15.37,1906
36005024800,"Census Tract 248, Bronx County, New York",36,005,024800,23.35,69.18,8.55,3178
36005024900,"Census Tract 249, Bronx County, New York",36,005,024900,,,,0
36005025000,"Census Tract 250, Bronx County, New York",36,005,025000,21.27,58.29,7.65,2604
36005025100,"Census Tract 251, Bronx County, New York",36,005,025100,9.75,72.75,33.65,6430
36005025200,"Census Tract 252, Bronx County, New York",36,005,025200,13.15,72.97,10.95,2677
36005025300,"Census Tract 253, Bronx County, New York",36,005,025300,5.54,83.11,31.01,6155
36005025400,"Census Tract 254, Bronx County, New York",36,005,025400,19.4,62.52,13.18,1912
36005025500,"Census Tract 255, Bronx County, New York",36,005,025500,13.38,57.09,25.48,7726
36005025600,"Census Tract 256, Bronx County, New York",36,005,025600,21.01,62.09,10.09,1547
36005025700,"Census Tract 257, Bronx County, New York",36,005,025700,9.01,77.68,14.03,1732
36005026100,"Census Tract 261, Bronx County, New York",36,005,026100,22.47,72.92,15.12,1994
36005026300,"Census Tract 263, Bronx County, New York",36,005,026300,26.35,53.4,23.28,6314
36005026400,"Census Tract 264, Bronx County, New York",36,005,026400,13.79,67.32,8.32,5411
36005026500,"Census Tract 265, Bronx County, New York",36,005,026500,9.37,79.44,18.88,7426
36005026601,"Census Tract 266.01, Bronx County, New York",36,005,026601,16.73,69.04,6.79,3108
36005026602,"Census Tract 266.02, Bronx County, New York",36,005,026602,20.0,66.06,17.98,5229
36005026701,"Census Tract 267.01, Bronx County, New York",36,005,026701,6.42,81.81,22.5,3986
36005026702,"Census Tract 267.02, Bronx County, New York",36,005,026702,14.07,62.0,37.21,7862
36005026900,"Census Tract 269, Bronx County, New York",36,005,026900,8.02,86.22,25.19,3652
36005027300,"Census Tract 273, Bronx County, New York",36,005,027300,17.37,69.23,28.94,7312
36005027401,"Census Tract 274.01, Bronx County, New York",36,005,027401,15.23,70.05,4.3,5042
36005027402,"Census Tract 274.02, Bronx County, New York",36,005,027402,22.89,69.49,8.59,3442
36005027600,"Census Tract 276, Bronx County, New York",36,005,027600,5.75,66.44,70.11,261
36005027700,"Census Tract 277, Bronx County, New York",36,005,027700,15.57,67.46,30.38,4503
36005027900,"Census Tract 279, Bronx County, New York",36,005,027900,16.12,75.33,10.37,7884
36005023702,"Census Tract 237.02, Bronx County, New York",36,005,023702,5.66,83.33,32.11,1395
36005028100,"Census Tract 281, Bronx County, New York",36,005,028100,26.77,58.02,6.56,3799
36005028300,"Census Tract 283, Bronx County, New York",36,005,028300,9.73,78.64,40.64,2086
36005028400,"Census Tract 284, Bronx County, New York",36,005,028400,53.89,,78.99,527
36005028500,"Census Tract 285, Bronx County, New York",36,005,028500,12.21,78.37,15.12,3538
36005028600,"Census Tract 286, Bronx County, New York",36,005,028600,32.35,64.68,9.27,949
36005028700,"Census Tract 287, Bronx County, New York",36,005,028700,12.23,72.62,4.39,3246
36005028800,"Census Tract 288, Bronx County, New York",36,005,028800,16.0,59.78,16.58,3251
36005028900,"Census Tract 289, Bronx County, New York",36,005,028900,17.16,75.71,29.29,4609
36047059404,"Census Tract 594.04, Kings County, New York",36,047,059404,23.38,61.14,18.48,3811
36047059600,"Census Tract 596, Kings County, New York",36,047,059600,26.19,53.83,11.93,2264
36047059800,"Census Tract 598, Kings County, New York",36,047,059800,16.25,70.52,14.27,3526
36047060000,"Census Tract 600, Kings County, New York",36,047,060000,18.23,68.3,9.55,5963
36047060600,"Census Tract 606, Kings County, New York",36,047,060600,24.98,54.82,11.34,2830
36047060800,"Census Tract 608, Kings County, New York",36,047,060800,22.0,65.09,16.02,3673
36047061002,"Census Tract 610.02, Kings County, New York",36,047,061002,29.06,53.48,11.02,5035
36047061003,"Census Tract 610.03, Kings County, New York",36,047,061003,15.66,62.72,32.49,1705
36047061004,"Census Tract 610.04, Kings County, New York",36,047,061004,26.84,52.4,17.62,5913
36047061200,"Census Tract 612, Kings County, New York",36,047,061200,31.64,55.96,2.17,1062
36047061600,"Census Tract 616, Kings County, New York",36,047,061600,55.27,39.47,8.15,1424
36047062000,"Census Tract 620, Kings County, New York",36,047,062000,21.82,56.92,5.85,1847
36047062200,"Census Tract 622, Kings County, New York",36,047,062200,29.25,61.83,13.78,2540
36047062600,"Census Tract 626, Kings County, New York",36,047,062600,23.7,49.86,9.69,2776
36047062800,"Census Tract 628, Kings County, New York",36,047,062800,17.72,61.51,7.4,4702
36047063200,"Census Tract 632, Kings County, New York",36,047,063200,29.19,48.3,7.28,1497
36047063600,"Census Tract 636, Kings County, New York",36,047,063600,16.91,63.33,11.27,1242
36047063800,"Census Tract 638, Kings County, New York",36,047,063800,14.16,70.98,5.1,2048
36047064000,"Census Tract 640, Kings County, New York",36,047,064000,17.13,65.1,2.66,1623
36047064200,"Census Tract 642, Kings County, New York",36,047,064200,23.94,52.61,12.44,2243
36047064400,"Census Tract 644, Kings County, New York",36,047,064400,10.2,74.01,14.22,2980
36047064600,"Census Tract 646, Kings County, New York",36,047,064600,18.74,55.74,6.56,1996
36047064800,"Census Tract 648, Kings County, New York",36,047,064800,15.2,60.18,3.92,2349
36047065000,"Census Tract 650, Kings County, New York",36,047,065000,15.76,61.39,10.6,1542
36047065200,"Census Tract 652, Kings County, New York",36,047,065200,29.28,55.22,1.12,1076
36047065400,"Census Tract 654, Kings County, New York",36,047,065400,23.78,53.32,4.2,1451
36047065600,"Census Tract 656, Kings County, New York",36,047,065600,14.16,70.34,4.0,1752
36047065800,"Census Tract 658, Kings County, New York",36,047,065800,20.8,57.78,3.51,1740
36047066000,"Census Tract 660, Kings County, New York",36,047,066000,14.51,67.54,3.64,2067
36047066200,"Census Tract 662, Kings County, New York",36,047,066200,31.3,50.35,7.69,1326
36047066600,"Census Tract 666, Kings County, New York",36,047,066600,,,,0
36047067000,"Census Tract 670, Kings County, New York",36,047,067000,13.3,68.44,9.35,2888
36047067200,"Census Tract 672, Kings County, New York",36,047,067200,15.07,63.51,2.95,1832
36047067400,"Census Tract 674, Kings County, New York",36,047,067400,11.42,69.98,5.74,1848
36047067600,"Census Tract 676, Kings County, New York",36,047,067600,12.24,72.48,14.54,1773
36047067800,"Census Tract 678, Kings County, New York",36,047,067800,15.25,60.19,7.71,3122
36047068000,"Census Tract 680, Kings County, New York",36,047,068000,11.05,74.56,1.11,2153
36047068200,"Census Tract 682, Kings County, New York",36,047,068200,24.88,53.56,6.57,2480
36047068600,"Census Tract 686, Kings County, New York",36,047,068600,15.16,65.76,4.98,1596
36047068800,"Census Tract 688, Kings County, New York",36,047,068800,20.04,61.3,5.1,1796
36047069000,"Census Tract 690, Kings County, New York",36,047,069000,14.44,61.1,4.37,1994
36047069200,"Census Tract 692, Kings County, New York",36,047,069200,14.59,67.3,1.08,2434
36047069601,"Census Tract 696.01, Kings County, New York",36,047,069601,17.66,64.49,6.36,3114
36047069602,"Census Tract 696.02, Kings County, New York",36,047,069602,22.77,59.66,7.7,5247
36047069800,"Census Tract 698, Kings County, New York",36,047,069800,15.03,72.27,0.83,1351
36047070000,"Census Tract 700, Kings County, New York",36,047,070000,20.01,61.66,4.51,1419
36047070201,"Census Tract 702.01, Kings County, New York",36,047,070201,30.81,50.23,1.72,5690
36005029301,"Census Tract 293.01, Bronx County, New York",36,005,029301,45.88,40.88,2.07,1772
36005029302,"Census Tract 293.02, Bronx County, New York",36,005,029302,28.42,56.56,7.72,5546
36005029500,"Census Tract 295, Bronx County, New York",36,005,029500,20.09,63.5,11.63,4401
36005029600,"Census Tract 296, Bronx County, New York",36,005,029600,14.89,71.36,10.09,1807
36005029700,"Census Tract 297, Bronx County, New York",36,005,029700,32.16,54.49,4.17,3946
36005030000,"Census Tract 300, Bronx County, New York",36,005,030000,15.42,69.54,10.65,6407
36005030100,"Census Tract 301, Bronx County, New York",36,005,030100,40.6,58.74,6.64,1463
36005030201,"Census Tract 302.01, Bronx County, New York",36,005,030201,19.54,58.52,12.04,3813
36005030202,"Census Tract 302.02, Bronx County, New York",36,005,030202,25.43,53.54,6.11,5128
36005030701,"Census Tract 307.01, Bronx County, New York",36,005,030701,26.67,50.15,2.23,5826
36005030900,"Census Tract 309, Bronx County, New York",36,005,030900,45.2,40.71,5.97,4392
36005031000,"Census Tract 310, Bronx County, New York",36,005,031000,36.64,57.03,7.75,4552
36005031200,"Census Tract 312, Bronx County, New York",36,005,031200,17.57,64.82,2.75,1531
36005031400,"Census Tract 314, Bronx County, New York",36,005,031400,26.24,59.02,1.31,2085
36005031600,"Census Tract 316, Bronx County, New York",36,005,031600,21.84,61.11,12.39,1978
36005031800,"Census Tract 318, Bronx County, New York",36,005,031800,25.42,44.96,6.3,2215
36005031900,"Census Tract 319, Bronx County, New York",36,005,031900,12.06,,71.19,141
36005032300,"Census Tract 323, Bronx County, New York",36,005,032300,39.11,48.53,6.17,4429
36005032400,"Census Tract 324, Bronx County, New York",36,005,032400,13.12,68.46,44.95,3286
36005032600,"Census Tract 326, Bronx County, New York",36,005,032600,16.86,70.59,15.84,3695
36005032800,"Census Tract 328, Bronx County, New York",36,005,032800,13.79,67.12,26.71,3989
36005033000,"Census Tract 330, Bronx County, New York",36,005,033000,12.08,77.86,21.66,5456
36005033201,"Census Tract 332.01, Bronx County, New York",36,005,033201,15.5,70.76,31.29,5303
36005033202,"Census Tract 332.02, Bronx County, New York",36,005,033202,27.35,64.5,18.21,3821
36005033400,"Census Tract 334, Bronx County, New York",36,005,033400,30.77,0.0,23.08,13
36005033500,"Census Tract 335, Bronx County, New York",36,005,033500,18.61,63.16,10.36,2042
36005033601,"Census Tract 336.01, Bronx County, New York",36,005,033601,9.26,80.73,28.82,5121
36005033602,"Census Tract 336.02, Bronx County, New York",36,005,033602,11.26,76.18,35.88,1678
36005033700,"Census Tract 337, Bronx County, New York",36,005,033700,28.99,51.28,4.22,2632
36005033801,"Census Tract 338.01, Bronx County, New York",36,005,033801,9.95,76.74,8.18,2261
36005033802,"Census Tract 338.02, Bronx County, New York",36,005,033802,2.55,94.92,26.02,1687
36005034000,"Census Tract 340, Bronx County, New York",36,005,034000,10.07,77.43,11.68,5683
36005034200,"Census Tract 342, Bronx County, New York",36,005,034200,16.31,72.55,9.82,1698
36005034300,"Census Tract 343, Bronx County, New York",36,005,034300,13.86,88.42,2.11,1660
36005034400,"Census Tract 344, Bronx County, New York",36,005,034400,12.22,71.88,23.67,2202
36005034500,"Census Tract 345, Bronx County, New York",36,005,034500,23.55,58.9,11.17,3278
36005034800,"Census Tract 348, Bronx County, New York",36,005,034800,14.22,69.1,25.0,5914
36005035000,"Census Tract 350, Bronx County, New York",36,005,035000,9.07,80.98,8.88,2127
36005035100,"Census Tract 351, Bronx County, New York",36,005,035100,14.33,70.09,13.19,3719
36005035600,"Census Tract 356, Bronx County, New York",36,005,035600,13.17,71.63,10.37,2171
36005035800,"Census Tract 358, Bronx County, New York",36,005,035800,17.84,56.78,11.06,8591
36005035900,"Census Tract 359, Bronx County, New York",36,005,035900,13.24,71.19,41.27,2107
36005036000,"Census Tract 360, Bronx County, New York",36,005,036000,27.84,44.64,7.69,3118
36005036100,"Census Tract 361, Bronx County, New York",36,005,036100,16.48,60.45,49.48,5827
36005036300,"Census Tract 363, Bronx County, New York",36,005,036300,9.98,72.1,44.97,7021
36005036400,"Census Tract 364, Bronx County, New York",36,005,036400,15.81,57.83,9.13,2618
36047070203,"Census Tract 702.03, Kings County, New York",36,047,070203,,,,0
36047070601,"Census Tract 706.01, Kings County, New York",36,047,070601,20.74,53.81,3.76,3062
36047070602,"Census Tract 706.02, Kings County, New York",36,047,070602,,,,0
36047072000,"Census Tract 720, Kings County, New York",36,047,072000,15.16,72.76,16.46,2005
36047072200,"Census Tract 722, Kings County, New York",36,047,072200,20.38,56.08,12.23,3067
36047072400,"Census Tract 724, Kings County, New York",36,047,072400,23.0,54.9,5.95,1883
36047072600,"Census Tract 726, Kings County, New York",36,047,072600,15.61,57.38,2.93,2421
36047072800,"Census Tract 728, Kings County, New York",36,047,072800,23.55,56.62,7.6,3787
36047073000,"Census Tract 730, Kings County, New York",36,047,073000,16.86,57.23,1.11,2526
36047073200,"Census Tract 732, Kings County, New York",36,047,073200,18.92,57.83,16.15,2162
36047073400,"Census Tract 734, Kings County, New York",36,047,073400,22.5,44.69,0.82,1698
36047073600,"Census Tract 736, Kings County, New York",36,047,073600,11.91,71.24,13.4,3383
36047073800,"Census Tract 738, Kings County, New York",36,047,073800,20.41,58.48,8.71,3606
36047074000,"Census Tract 740, Kings County, New York",36,047,074000,14.28,65.69,5.57,3649
36047074200,"Census Tract 742, Kings County, New York",36,047,074200,16.49,64.57,11.36,3051
36047074400,"Census Tract 744, Kings County, New York",36,047,074400,8.0,71.52,6.51,2611
36047074600,"Census Tract 746, Kings County, New York",36,047,074600,14.05,62.92,6.09,2654
36047074800,"Census Tract 748, Kings County, New York",36,047,074800,20.14,58.98,20.03,1867
36047075000,"Census Tract 750, Kings County, New York",36,047,075000,13.1,70.86,6.82,2688
36047075200,"Census Tract 752, Kings County, New York",36,047,075200,26.32,41.2,1.49,1007
36047075400,"Census Tract 754, Kings County, New York",36,047,075400,28.08,48.38,8.73,1225
36047075600,"Census Tract 756, Kings County, New York",36,047,075600,19.59,67.58,4.24,2027
36047075800,"Census Tract 758, Kings County, New York",36,047,075800,27.14,50.91,4.69,1555
36047076000,"Census Tract 760, Kings County, New York",36,047,076000,18.37,67.96,18.74,2695
36047076200,"Census Tract 762, Kings County, New York",36,047,076200,11.8,74.88,21.54,4729
36047076400,"Census Tract 764, Kings County, New York",36,047,076400,11.17,80.54,23.12,3607
36047076600,"Census Tract 766, Kings County, New York",36,047,076600,12.84,66.72,8.54,2056
36047076800,"Census Tract 768, Kings County, New York",36,047,076800,13.99,64.85,17.08,3575
36047077000,"Census Tract 770, Kings County, New York",36,047,077000,8.94,77.2,18.51,2672
36047077200,"Census Tract 772, Kings County, New York",36,047,077200,12.12,70.92,11.07,3250
36047077400,"Census Tract 774, Kings County, New York",36,047,077400,7.11,82.71,9.03,3321
36047077600,"Census Tract 776, Kings County, New York",36,047,077600,28.86,51.43,7.74,3707
36047078000,"Census Tract 780, Kings County, New York",36,047,078000,21.37,52.15,3.15,2260
36047078200,"Census Tract 782, Kings County, New York",36,047,078200,18.19,67.17,13.91,4667
36047078400,"Census Tract 784, Kings County, New York",36,047,078400,20.12,58.76,13.09,2316
36047078601,"Census Tract 786.01, Kings County, New York",36,047,078601,16.72,72.85,18.88,2399
36047078602,"Census Tract 786.02, Kings County, New York",36,047,078602,13.57,70.25,17.13,2100
36047070202,"Census Tract 702.02, Kings County, New York",36,047,070202,0.0,100.0,0.0,26
36047078801,"Census Tract 788.01, Kings County, New York",36,047,078801,9.31,79.87,19.13,2020
36047078802,"Census Tract 788.02, Kings County, New York",36,047,078802,2.56,92.2,22.7,1639
36047079001,"Census Tract 790.01, Kings County, New York",36,047,079001,7.76,78.1,9.99,1701
36047079002,"Census Tract 790.02, Kings County, New York",36,047,079002,14.37,64.61,26.19,3214
36047079201,"Census Tract 792.01, Kings County, New York",36,047,079201,12.06,69.26,16.28,1161
36047079202,"Census Tract 792.02, Kings County, New York",36,047,079202,11.57,70.67,21.15,2350
36047079400,"Census Tract 794, Kings County, New York",36,047,079400,13.42,68.43,17.35,1758
36047079601,"Census Tract 796.01, Kings County, New York",36,047,079601,11.65,74.69,12.34,3630
36005036501,"Census Tract 365.01, Bronx County, New York",36,005,036501,10.44,72.79,26.81,3986
36005036502,"Census Tract 365.02, Bronx County, New York",36,005,036502,6.16,81.66,37.38,2482
36005036700,"Census Tract 367, Bronx County, New York",36,005,036700,6.5,81.65,34.38,2140
36005036800,"Census Tract 368, Bronx County, New York",36,005,036800,13.57,64.21,23.14,2204
36005036901,"Census Tract 369.01, Bronx County, New York",36,005,036901,10.58,77.42,48.6,2041
36005036902,"Census Tract 369.02, Bronx County, New York",36,005,036902,10.02,78.82,56.33,2086
36005037000,"Census Tract 370, Bronx County, New York",36,005,037000,14.12,63.29,10.06,2316
36005037100,"Census Tract 371, Bronx County, New York",36,005,037100,17.92,61.28,29.12,4242
36005037200,"Census Tract 372, Bronx County, New York",36,005,037200,13.57,76.12,17.17,2174
36005037300,"Census Tract 373, Bronx County, New York",36,005,037300,8.22,75.09,45.46,6191
36005037400,"Census Tract 374, Bronx County, New York",36,005,037400,11.4,73.83,34.14,3692
36005037504,"Census Tract 375.04, Bronx County, New York",36,005,037504,9.55,82.7,37.79,3361
36005037600,"Census Tract 376, Bronx County, New York",36,005,037600,16.63,62.71,18.06,2267
36005037800,"Census Tract 378, Bronx County, New York",36,005,037800,8.83,80.93,26.12,3150
36005037900,"Census Tract 379, Bronx County, New York",36,005,037900,6.85,78.47,40.31,5548
36005038000,"Census Tract 380, Bronx County, New York",36,005,038000,13.46,71.7,36.76,5245
36005038100,"Census Tract 381, Bronx County, New York",36,005,038100,9.48,75.29,32.22,7876
36005038200,"Census Tract 382, Bronx County, New York",36,005,038200,15.88,62.41,26.31,3017
36005038301,"Census Tract 383.01, Bronx County, New York",36,005,038301,6.14,84.64,25.57,5034
36005038303,"Census Tract 383.03, Bronx County, New York",36,005,038303,11.43,73.63,33.5,3701
36005038304,"Census Tract 383.04, Bronx County, New York",36,005,038304,4.88,87.04,65.3,2398
36005038500,"Census Tract 385, Bronx County, New York",36,005,038500,6.71,84.1,48.19,4399
36005038600,"Census Tract 386, Bronx County, New York",36,005,038600,17.69,57.94,16.43,9481
36005038700,"Census Tract 387, Bronx County, New York",36,005,038700,4.84,87.45,33.88,3679
36005038800,"Census Tract 388, Bronx County, New York",36,005,038800,16.03,61.95,18.56,2888
36005038900,"Census Tract 389, Bronx County, New York",36,005,038900,5.05,89.13,41.77,5331
36005039000,"Census Tract 390, Bronx County, New York",36,005,039000,6.83,86.09,10.87,2853
36005039100,"Census Tract 391, Bronx County, New York",36,005,039100,11.19,71.92,32.19,7559
36005039200,"Census Tract 392, Bronx County, New York",36,005,039200,7.34,84.57,11.65,1648
36005039300,"Census Tract 393, Bronx County, New York",36,005,039300,9.74,77.79,37.43,8150
36005039400,"Census Tract 394, Bronx County, New York",36,005,039400,11.04,80.98,19.11,5369
36005039500,"Census Tract 395, Bronx County, New York",36,005,039500,8.8,82.35,39.62,4157
36005039600,"Census Tract 396, Bronx County, New York",36,005,039600,13.96,67.92,16.11,4519
36005039700,"Census Tract 397, Bronx County, New York",36,005,039700,8.52,57.3,26.44,3603
36005039800,"Census Tract 398, Bronx County, New York",36,005,039800,9.97,75.68,17.64,4152
36005039901,"Census Tract 399.01, Bronx County, New York",36,005,039901,9.97,72.73,36.58,5639
36005039902,"Census Tract 399.02, Bronx County, New York",36,005,039902,5.08,84.66,31.09,5574
36005040100,"Census Tract 401, Bronx County, New York",36,005,040100,8.09,79.97,34.2,4597
36005040302,"Census Tract 403.02, Bronx County, New York",36,005,040302,11.02,68.16,34.43,5125
36005040303,"Census Tract 403.03, Bronx County, New York",36,005,040303,11.42,73.69,23.35,4335
36005040304,"Census Tract 403.04, Bronx County, New York",36,005,040304,6.1,84.61,40.08,3215
36005040400,"Census Tract 404, Bronx County, New York",36,005,040400,14.46,56.64,11.1,3514
36005040501,"Census Tract 405.01, Bronx County, New York",36,005,040501,11.89,75.58,27.71,4128
36005040502,"Census Tract 405.02, Bronx County, New York",36,005,040502,9.85,77.21,27.61,7293
36005040600,"Census Tract 406, Bronx County, New York",36,005,040600,16.5,66.36,18.61,3613
36005040701,"Census Tract 407.01, Bronx County, New York",36,005,040701,10.19,70.67,31.38,3101
36047079602,"Census Tract 796.02, Kings County, New York",36,047,079602,10.41,77.2,19.83,4949
36047079801,"Census Tract 798.01, Kings County, New York",36,047,079801,10.83,80.77,5.09,3121
36047079802,"Census Tract 798.02, Kings County, New York",36,047,079802,9.93,80.15,10.7,5197
36047080000,"Census Tract 800, Kings County, New York",36,047,080000,22.69,56.04,9.76,3451
36047080200,"Census Tract 802, Kings County, New York",36,047,080200,15.55,70.89,8.86,4764
36047080400,"Census Tract 804, Kings County, New York",36,047,080400,24.28,55.21,13.89,3147
36047080600,"Census Tract 806, Kings County, New York",36,047,080600,12.25,69.81,15.6,3199
36047080800,"Census Tract 808, Kings County, New York",36,047,080800,30.46,64.48,64.1,1668
36047081000,"Census Tract 810, Kings County, New York",36,047,081000,17.62,67.25,19.22,2202
36047081400,"Census Tract 814, Kings County, New York",36,047,081400,20.89,58.65,11.78,2485
36047081600,"Census Tract 816, Kings County, New York",36,047,081600,14.15,68.1,12.8,2594
36047081800,"Census Tract 818, Kings County, New York",36,047,081800,11.86,69.29,10.42,4367
36047082000,"Census Tract 820, Kings County, New York",36,047,082000,8.9,81.78,20.63,5247
36047082200,"Census Tract 822, Kings County, New York",36,047,082200,15.12,72.72,12.96,7257
36047082400,"Census Tract 824, Kings County, New York",36,047,082400,11.65,71.4,11.61,4789
36047082600,"Census Tract 826, Kings County, New York",36,047,082600,14.48,68.68,10.12,4428
36047082800,"Census Tract 828, Kings County, New York",36,047,082800,9.09,74.56,7.29,3797
36047083000,"Census Tract 830, Kings County, New York",36,047,083000,14.22,65.79,12.35,6560
36047083200,"Census Tract 832, Kings County, New York",36,047,083200,24.95,43.15,8.58,2000
36047083400,"Census Tract 834, Kings County, New York",36,047,083400,23.03,57.29,15.05,1524
36047083600,"Census Tract 836, Kings County, New York",36,047,083600,18.9,57.06,14.4,2048
36047083800,"Census Tract 838, Kings County, New York",36,047,083800,25.46,49.87,6.48,2113
36047084000,"Census Tract 840, Kings County, New York",36,047,084000,18.42,51.81,5.88,2703
36047084600,"Census Tract 846, Kings County, New York",36,047,084600,20.7,61.68,1.63,1899
36047084800,"Census Tract 848, Kings County, New York",36,047,084800,18.26,56.91,8.42,1594
36047085000,"Census Tract 850, Kings County, New York",36,047,085000,18.96,51.39,9.07,1609
36047085200,"Census Tract 852, Kings County, New York",36,047,085200,0.0,100.0,0.0,24
36047085400,"Census Tract 854, Kings County, New York",36,047,085400,19.26,61.83,18.2,1994
36047085600,"Census Tract 856, Kings County, New York",36,047,085600,11.78,72.99,18.77,3649
36047085800,"Census Tract 858, Kings County, New York",36,047,085800,20.89,61.96,6.29,2049
36047086000,"Census Tract 860, Kings County, New York",36,047,086000,12.27,74.77,4.98,3480
36047086200,"Census Tract 862, Kings County, New York",36,047,086200,15.78,67.43,15.08,2832
36047086400,"Census Tract 864, Kings County, New York",36,047,086400,14.86,58.11,9.93,2517
36047086600,"Census Tract 866, Kings County, New York",36,047,086600,15.33,64.32,11.49,3106
36047086800,"Census Tract 868, Kings County, New York",36,047,086800,12.35,78.12,15.24,3531
36047087000,"Census Tract 870, Kings County, New York",36,047,087000,18.07,64.45,25.36,2950
36047087200,"Census Tract 872, Kings County, New York",36,047,087200,10.9,75.77,21.48,2836
36047087401,"Census Tract 874.01, Kings County, New York",36,047,087401,15.04,65.03,23.86,3982
36047087600,"Census Tract 876, Kings County, New York",36,047,087600,17.34,63.34,22.58,1770
36047087800,"Census Tract 878, Kings County, New York",36,047,087800,15.29,70.56,21.54,2296
36047088001,"Census Tract 880.01, Kings County, New York",36,047,088001,38.26,37.99,15.28,1887
36047088002,"Census Tract 880.02, Kings County, New York",36,047,088002,18.12,51.56,4.9,1225
36047088200,"Census Tract 882, Kings County, New York",36,047,088200,13.51,67.21,7.28,6152
36047088400,"Census Tract 884, Kings County, New York",36,047,088400,13.68,70.55,31.72,4707
36047088600,"Census Tract 886, Kings County, New York",36,047,088600,15.67,72.84,24.82,3873
36047088800,"Census Tract 888, Kings County, New York",36,047,088800,15.81,67.01,19.01,4060
36047089000,"Census Tract 890, Kings County, New York",36,047,089000,16.25,74.28,13.6,5789
36005040702,"Census Tract 407.02, Bronx County, New York",36,005,040702,14.08,68.77,25.11,6641
36005040800,"Census Tract 408, Bronx County, New York",36,005,040800,7.71,82.92,18.47,4709
36005040900,"Census Tract 409, Bronx County, New York",36,005,040900,17.28,63.13,10.47,3292
36005041100,"Census Tract 411, Bronx County, New York",36,005,041100,12.54,72.61,28.12,3565
36005041300,"Census Tract 413, Bronx County, New York",36,005,041300,5.66,87.91,24.31,8904
36005041400,"Census Tract 414, Bronx County, New York",36,005,041400,16.62,59.54,9.39,5206
36005041500,"Census Tract 415, Bronx County, New York",36,005,041500,11.67,73.57,29.75,6103
36005041800,"Census Tract 418, Bronx County, New York",36,005,041800,10.21,72.85,9.24,3555
36005041900,"Census Tract 419, Bronx County, New York",36,005,041900,6.5,87.22,26.36,6090
36005042000,"Census Tract 420, Bronx County, New York",36,005,042000,11.85,73.4,31.84,4260
36005042100,"Census Tract 421, Bronx County, New York",36,005,042100,7.95,82.88,25.87,5522
36005042200,"Census Tract 422, Bronx County, New York",36,005,042200,16.9,64.87,4.43,2864
36005042300,"Census Tract 423, Bronx County, New York",36,005,042300,9.82,73.93,26.7,4033
36005042400,"Census Tract 424, Bronx County, New York",36,005,042400,15.11,76.07,9.84,2608
36005042500,"Census Tract 425, Bronx County, New York",36,005,042500,6.07,84.34,23.55,6248
36005042600,"Census Tract 426, Bronx County, New York",36,005,042600,19.09,61.2,8.28,7161
36005042800,"Census Tract 428, Bronx County, New York",36,005,042800,35.48,44.09,8.15,1976
36005042901,"Census Tract 429.01, Bronx County, New York",36,005,042901,8.81,80.36,36.0,3224
36005042902,"Census Tract 429.02, Bronx County, New York",36,005,042902,9.24,83.01,26.48,3865
36005043000,"Census Tract 430, Bronx County, New York",36,005,043000,14.22,64.26,22.05,3496
36005043101,"Census Tract 431.01, Bronx County, New York",36,005,043101,12.89,74.84,30.04,5693
36005043102,"Census Tract 431.02, Bronx County, New York",36,005,043102,15.04,76.94,36.82,4615
36005043400,"Census Tract 434, Bronx County, New York",36,005,043400,14.28,68.7,12.96,3796
36005043501,"Census Tract 435.01, Bronx County, New York",36,005,043501,8.72,77.98,39.89,757
36005043502,"Census Tract 435.02, Bronx County, New York",36,005,043502,,,,0
36005043503,"Census Tract 435.03, Bronx County, New York",36,005,043503,,,,0
36005043600,"Census Tract 436, Bronx County, New York",36,005,043600,15.05,70.43,13.23,1927
36005044200,"Census Tract 442, Bronx County, New York",36,005,044200,9.27,76.83,41.11,4022
36005044400,"Census Tract 444, Bronx County, New York",36,005,044400,20.51,51.92,12.88,4472
36005044800,"Census Tract 448, Bronx County, New York",36,005,044800,16.59,60.36,13.97,2068
36005044901,"Census Tract 449.01, Bronx County, New York",36,005,044901,25.2,60.18,5.33,1762
36005044902,"Census Tract 449.02, Bronx County, New York",36,005,044902,15.37,72.79,11.32,2049
36005045101,"Census Tract 451.01, Bronx County, New York",36,005,045101,15.65,76.37,2.05,1521
36005045102,"Census Tract 451.02, Bronx County, New York",36,005,045102,17.4,65.73,2.78,2086
36005045600,"Census Tract 456, Bronx County, New York",36,005,045600,12.29,72.79,2.4,3401
36005045800,"Census Tract 458, Bronx County, New York",36,005,045800,9.95,77.65,39.35,5538
36005046000,"Census Tract 460, Bronx County, New York",36,005,046000,17.09,67.13,24.85,3131
36005046203,"Census Tract 462.03, Bronx County, New York",36,005,046203,41.23,39.43,7.81,7679
36005046204,"Census Tract 462.04, Bronx County, New York",36,005,046204,19.41,54.21,4.06,6569
36005046205,"Census Tract 462.05, Bronx County, New York",36,005,046205,34.82,52.85,13.01,2898
36005046206,"Census Tract 462.06, Bronx County, New York",36,005,046206,35.34,35.59,6.07,4137
36005046207,"Census Tract 462.07, Bronx County, New York",36,005,046207,20.26,60.6,25.39,6450
36005046208,"Census Tract 462.08, Bronx County, New York",36,005,046208,18.92,78.63,8.94,5586
36005046209,"Census Tract 462.09, Bronx County, New York",36,005,046209,5.36,82.79,34.46,4739
36005048401,"Census Tract 484.01, Bronx County, New York",36,005,048401,8.79,72.17,2.78,4062
36005048402,"Census Tract 484.02, Bronx County, New York",36,005,048402,,,,0
36047089200,"Census Tract 892, Kings County, New York",36,047,089200,19.01,64.56,52.19,3224
36047089400,"Census Tract 894, Kings County, New York",36,047,089400,8.26,80.17,41.63,3245
36047089600,"Census Tract 896, Kings County, New York",36,047,089600,11.25,86.15,32.98,3041
36047089800,"Census Tract 898, Kings County, New York",36,047,089800,6.76,82.53,19.51,1907
36047090000,"Census Tract 900, Kings County, New York",36,047,090000,15.75,71.39,35.24,4158
36047090200,"Census Tract 902, Kings County, New York",36,047,090200,13.81,63.24,38.31,3149
36047090600,"Census Tract 906, Kings County, New York",36,047,090600,8.46,84.0,41.86,3311
36047090800,"Census Tract 908, Kings County, New York",36,047,090800,5.92,81.35,65.44,5408
36047091000,"Census Tract 910, Kings County, New York",36,047,091000,26.65,56.95,47.06,4199
36047091200,"Census Tract 912, Kings County, New York",36,047,091200,9.01,78.68,40.01,5549
36047091600,"Census Tract 916, Kings County, New York",36,047,091600,16.46,68.36,38.41,3196
36047091800,"Census Tract 918, Kings County, New York",36,047,091800,15.27,71.27,26.94,2168
36047092000,"Census Tract 920, Kings County, New York",36,047,092000,27.12,63.21,24.92,2227
36047092200,"Census Tract 922, Kings County, New York",36,047,092200,24.73,58.58,11.05,2390
36047092400,"Census Tract 924, Kings County, New York",36,047,092400,9.88,76.35,33.27,2176
36047092800,"Census Tract 928, Kings County, New York",36,047,092800,20.37,60.37,11.54,2764
36047093000,"Census Tract 930, Kings County, New York",36,047,093000,18.67,56.61,11.58,3107
36047093200,"Census Tract 932, Kings County, New York",36,047,093200,42.82,36.54,16.59,1037
36047093400,"Census Tract 934, Kings County, New York",36,047,093400,20.48,60.84,9.58,2495
36047093600,"Census Tract 936, Kings County, New York",36,047,093600,23.75,59.02,6.58,1596
36047093800,"Census Tract 938, Kings County, New York",36,047,093800,16.04,66.49,8.26,2556
36047094401,"Census Tract 944.01, Kings County, New York",36,047,094401,22.91,45.32,13.43,3378
36047094402,"Census Tract 944.02, Kings County, New York",36,047,094402,14.93,71.43,39.72,3127
36047094600,"Census Tract 946, Kings County, New York",36,047,094600,19.26,53.54,5.09,2103
36047095000,"Census Tract 950, Kings County, New York",36,047,095000,22.97,51.47,5.05,2442
36047095400,"Census Tract 954, Kings County, New York",36,047,095400,17.86,62.18,8.33,4082
36047095600,"Census Tract 956, Kings County, New York",36,047,095600,9.86,74.37,9.04,4434
36047095800,"Census Tract 958, Kings County, New York",36,047,095800,18.49,58.01,12.8,3109
36047096000,"Census Tract 960, Kings County, New York",36,047,096000,,,,0
36047096200,"Census Tract 962, Kings County, New York",36,047,096200,7.53,73.57,3.31,1833
36047096400,"Census Tract 964, Kings County, New York",36,047,096400,14.41,66.05,11.22,2034
36047096600,"Census Tract 966, Kings County, New York",36,047,096600,12.14,68.63,12.5,2759
36047096800,"Census Tract 968, Kings County, New York",36,047,096800,10.2,68.32,11.1,1549
36047097000,"Census Tract 970, Kings County, New York",36,047,097000,14.74,70.79,13.17,2713
36047097400,"Census Tract 974, Kings County, New York",36,047,097400,26.55,59.77,18.62,2723
36047098200,"Census Tract 982, Kings County, New York",36,047,098200,12.71,69.8,40.91,4532
36047098400,"Census Tract 984, Kings County, New York",36,047,098400,13.22,68.02,2.0,2163
36047098600,"Census Tract 986, Kings County, New York",36,047,098600,11.26,75.26,9.31,2664
36047098800,"Census Tract 988, Kings County, New York",36,047,098800,17.85,71.99,9.51,3328
36047099000,"Census Tract 990, Kings County, New York",36,047,099000,12.67,67.89,13.52,1697
36047099200,"Census Tract 992, Kings County, New York",36,047,099200,14.08,59.75,9.8,2266
36047099400,"Census Tract 994, Kings County, New York",36,047,099400,14.13,63.41,6.31,1996
36047099600,"Census Tract 996, Kings County, New York",36,047,099600,15.82,53.25,3.46,3762
36047099800,"Census Tract 998, Kings County, New York",36,047,099800,16.86,65.47,4.44,3624
36047100400,"Census Tract 1004, Kings County, New York",36,047,100400,11.81,71.71,6.62,2642
36047100600,"Census Tract 1006, Kings County, New York",36,047,100600,10.45,72.76,9.99,2737
36047100800,"Census Tract 1008, Kings County, New York",36,047,100800,12.29,65.2,8.07,2091
36005050400,"Census Tract 504, Bronx County, New York",36,005,050400,,,,0
36005051601,"Census Tract 516.01, Bronx County, New York",36,005,051601,20.62,65.31,6.25,4322
36005051602,"Census Tract 516.02, Bronx County, New York",36,005,051602,,,,0
36047000100,"Census Tract 1, Kings County, New York",36,047,000100,20.78,66.65,6.1,4539
36047000200,"Census Tract 2, Kings County, New York",36,047,000200,13.91,63.82,37.3,992
36047000301,"Census Tract 3.01, Kings County, New York",36,047,000301,20.26,68.87,7.78,3642
36047000501,"Census Tract 5.01, Kings County, New York",36,047,000501,19.59,61.17,4.81,4486
36047000502,"Census Tract 5.02, Kings County, New York",36,047,000502,18.24,74.11,2.65,2654
36047000700,"Census Tract 7, Kings County, New York",36,047,000700,8.57,83.1,5.08,3899
36047000900,"Census Tract 9, Kings County, New York",36,047,000900,8.34,87.87,2.34,4654
36047001100,"Census Tract 11, Kings County, New York",36,047,001100,1.0,98.17,5.59,1502
36047001300,"Census Tract 13, Kings County, New York",36,047,001300,24.99,63.66,20.45,1917
36047001501,"Census Tract 15.01, Kings County, New York",36,047,001501,5.58,89.87,21.13,4875
36047001502,"Census Tract 15.02, Kings County, New York",36,047,001502,2.69,95.02,20.62,4654
36047001801,"Census Tract 18.01, Kings County, New York",36,047,001801,0.83,,,1920
36047001802,"Census Tract 18.02, Kings County, New York",36,047,001802,,,,0
36047001803,"Census Tract 18.03, Kings County, New York",36,047,001803,,,,0
36047001804,"Census Tract 18.04, Kings County, New York",36,047,001804,,,,0
36047002000,"Census Tract 20, Kings County, New York",36,047,002000,6.39,74.48,31.27,1503
36047002100,"Census Tract 21, Kings County, New York",36,047,002100,3.86,93.45,5.13,5206
36047002200,"Census Tract 22, Kings County, New York",36,047,002200,16.5,66.69,26.9,4284
36047002300,"Census Tract 23, Kings County, New York",36,047,002300,18.0,60.68,56.24,4133
36047002901,"Census Tract 29.01, Kings County, New York",36,047,002901,9.47,77.84,45.84,4528
36047003000,"Census Tract 30, Kings County, New York",36,047,003000,16.7,69.15,8.35,1545
36047003101,"Census Tract 31.01, Kings County, New York",36,047,003101,17.82,82.82,7.18,3468
36047003102,"Census Tract 31.02, Kings County, New York",36,047,003102,,,,0
36047003300,"Census Tract 33, Kings County, New York",36,047,003300,4.73,93.1,11.3,4479
36047003400,"Census Tract 34, Kings County, New York",36,047,003400,15.37,68.74,10.55,3306
36047003500,"Census Tract 35, Kings County, New York",36,047,003500,11.2,83.86,10.22,2080
36047003600,"Census Tract 36, Kings County, New York",36,047,003600,23.81,63.11,13.52,3465
36047003700,"Census Tract 37, Kings County, New York",36,047,003700,1.99,96.99,6.36,2568
36047003800,"Census Tract 38, Kings County, New York",36,047,003800,20.82,63.86,9.14,1335
36047101000,"Census Tract 1010, Kings County, New York",36,047,101000,11.28,72.36,21.9,2376
36047101200,"Census Tract 1012, Kings County, New York",36,047,101200,11.46,73.19,13.18,2261
36047101400,"Census Tract 1014, Kings County, New York",36,047,101400,18.99,63.39,8.36,2143
36047101600,"Census Tract 1016, Kings County, New York",36,047,101600,19.2,53.27,1.89,1599
36047101800,"Census Tract 1018, Kings County, New York",36,047,101800,12.57,66.25,5.25,2228
36047102000,"Census Tract 1020, Kings County, New York",36,047,102000,12.21,74.04,3.34,2285
36047102200,"Census Tract 1022, Kings County, New York",36,047,102200,8.85,77.17,5.33,2157
36047102400,"Census Tract 1024, Kings County, New York",36,047,102400,10.85,69.86,12.79,2323
36047102600,"Census Tract 1026, Kings County, New York",36,047,102600,12.9,70.23,3.54,3001
36047102801,"Census Tract 1028.01, Kings County, New York",36,047,102801,21.79,44.64,3.77,1652
36047102802,"Census Tract 1028.02, Kings County, New York",36,047,102802,,,,0
36047103401,"Census Tract 1034.01, Kings County, New York",36,047,103401,11.95,73.5,37.65,3873
36047103402,"Census Tract 1034.02, Kings County, New York",36,047,103402,,,,0
36047105801,"Census Tract 1058.01, Kings County, New York",36,047,105801,35.25,53.39,38.15,5847
36047105804,"Census Tract 1058.04, Kings County, New York",36,047,105804,28.7,53.55,23.45,6614
36047107001,"Census Tract 1070.01, Kings County, New York",36,047,107001,6.2,88.47,23.96,2613
36047107002,"Census Tract 1070.02, Kings County, New York",36,047,107002,,,,0
36047107003,"Census Tract 1070.03, Kings County, New York",36,047,107003,,,,0
36047107800,"Census Tract 1078, Kings County, New York",36,047,107800,22.77,56.57,11.64,4554
36047109800,"Census Tract 1098, Kings County, New York",36,047,109800,8.24,79.91,23.86,2450
36047110400,"Census Tract 1104, Kings County, New York",36,047,110400,17.59,70.79,22.09,4354
36047110600,"Census Tract 1106, Kings County, New York",36,047,110600,12.17,75.37,40.44,4298
36047111000,"Census Tract 1110, Kings County, New York",36,047,111000,12.0,77.29,34.0,2891
36047111600,"Census Tract 1116, Kings County, New York",36,047,111600,13.08,79.0,21.37,3501
36047111800,"Census Tract 1118, Kings County, New York",36,047,111800,9.81,78.33,24.75,3731
36047112000,"Census Tract 1120, Kings County, New York",36,047,112000,14.1,65.68,26.43,3242
36047112200,"Census Tract 1122, Kings County, New York",36,047,112200,16.68,72.47,35.48,2986
36047112400,"Census Tract 1124, Kings County, New York",36,047,112400,11.14,74.66,20.71,3293
36047112600,"Census Tract 1126, Kings County, New York",36,047,112600,16.98,64.22,26.84,3469
36047112800,"Census Tract 1128, Kings County, New York",36,047,112800,16.33,67.39,36.38,3582
36047113000,"Census Tract 1130, Kings County, New York",36,047,113000,10.46,79.47,19.23,3806
36047113200,"Census Tract 1132, Kings County, New York",36,047,113200,13.53,71.12,10.39,1877
36047113400,"Census Tract 1134, Kings County, New York",36,047,113400,8.37,77.31,38.23,2797
36047114201,"Census Tract 1142.01, Kings County, New York",36,047,114201,18.47,61.85,28.45,1337
36047114202,"Census Tract 1142.02, Kings County, New York",36,047,114202,10.52,71.77,24.12,3052
36047114400,"Census Tract 1144, Kings County, New York",36,047,114400,9.19,70.42,35.28,2580
36047114600,"Census Tract 1146, Kings County, New York",36,047,114600,10.99,72.12,18.45,2856
36047115000,"Census Tract 1150, Kings County, New York",36,047,115000,7.91,80.44,19.69,2717
36047115200,"Census Tract 1152, Kings County, New York",36,047,115200,11.97,66.31,18.47,3049
36047115600,"Census Tract 1156, Kings County, New York",36,047,115600,12.68,72.86,41.71,4181
36047115800,"Census Tract 1158, Kings County, New York",36,047,115800,15.83,67.01,23.95,2760
36047116000,"Census Tract 1160, Kings County, New York",36,047,116000,8.82,79.75,21.89,2630
36047116200,"Census Tract 1162, Kings County, New York",36,047,116200,10.2,70.36,27.7,2706
36047116400,"Census Tract 1164, Kings County, New York",36,047,116400,13.4,69.03,14.04,3507
36047116600,"Census Tract 1166, Kings County, New York",36,047,116600,9.76,79.27,12.08,2992
36047116800,"Census Tract 1168, Kings County, New York",36,047,116800,4.2,92.55,18.7,2118
36047003900,"Census Tract 39, Kings County, New York",36,047,003900,5.94,88.45,11.67,2340
36047004100,"Census Tract 41, Kings County, New York",36,047,004100,12.51,88.03,9.3,3606
36047004300,"Census Tract 43, Kings County, New York",36,047,004300,7.02,87.72,8.87,3662
36047004400,"Census Tract 44, Kings County, New York",36,047,004400,23.88,58.44,4.47,2328
36047004500,"Census Tract 45, Kings County, New York",36,047,004500,12.76,76.21,3.58,3574
36047004600,"Census Tract 46, Kings County, New York",36,047,004600,20.67,62.64,6.79,1282
36047004700,"Census Tract 47, Kings County, New York",36,047,004700,8.42,81.77,6.57,1841
36047004900,"Census Tract 49, Kings County, New York",36,047,004900,19.92,82.13,6.69,2660
36047005000,"Census Tract 50, Kings County, New York",36,047,005000,19.39,63.35,2.41,2243
36047005100,"Census Tract 51, Kings County, New York",36,047,005100,2.45,96.59,3.33,2815
36047005201,"Census Tract 52.01, Kings County, New York",36,047,005201,39.86,42.22,21.83,1603
36047005202,"Census Tract 52.02, Kings County, New York",36,047,005202,29.95,58.19,16.65,2501
36047005301,"Census Tract 53.01, Kings County, New York",36,047,005301,13.77,76.83,15.47,2223
36047005302,"Census Tract 53.02, Kings County, New York",36,047,005302,0.0,100.0,7.69,65
36047005303,"Census Tract 53.03, Kings County, New York",36,047,005303,,,,0
36047005400,"Census Tract 54, Kings County, New York",36,047,005400,18.44,68.14,12.51,3297
36047005601,"Census Tract 56.01, Kings County, New York",36,047,005601,23.3,65.09,8.51,2421
36047005602,"Census Tract 56.02, Kings County, New York",36,047,005602,26.36,62.73,3.36,1787
36047005800,"Census Tract 58, Kings County, New York",36,047,005800,16.06,73.66,13.81,2932
36047005900,"Census Tract 59, Kings County, New York",36,047,005900,9.89,84.73,7.55,1143
36047006000,"Census Tract 60, Kings County, New York",36,047,006000,10.33,71.53,4.38,3262
36047006200,"Census Tract 62, Kings County, New York",36,047,006200,15.62,65.45,15.11,2625
36047006300,"Census Tract 63, Kings County, New York",36,047,006300,11.01,82.94,6.8,1999
36047006400,"Census Tract 64, Kings County, New York",36,047,006400,21.23,57.27,16.2,2996
36047006500,"Census Tract 65, Kings County, New York",36,047,006500,7.0,85.29,6.71,5846
36047006600,"Census Tract 66, Kings County, New York",36,047,006600,11.64,78.92,13.6,3625
36047006700,"Census Tract 67, Kings County, New York",36,047,006700,9.75,82.43,4.4,3980
36047006800,"Census Tract 68, Kings County, New York",36,047,006800,18.86,63.58,18.71,4559
36047006901,"Census Tract 69.01, Kings County, New York",36,047,006901,9.24,86.27,4.16,1732
36047006902,"Census Tract 69.02, Kings County, New York",36,047,006902,8.02,86.93,9.72,2182
36047007000,"Census Tract 70, Kings County, New York",36,047,007000,24.46,57.35,5.09,2392
36047007100,"Census Tract 71, Kings County, New York",36,047,007100,14.72,66.84,26.95,4430
36047007200,"Census Tract 72, Kings County, New York",36,047,007200,7.77,81.1,28.95,1738
36047007400,"Census Tract 74, Kings County, New York",36,047,007400,10.79,71.98,35.3,5328
36047007500,"Census Tract 75, Kings County, New York",36,047,007500,6.19,88.44,6.67,4798
36047007600,"Census Tract 76, Kings County, New York",36,047,007600,12.91,71.35,27.32,5431
36047007700,"Census Tract 77, Kings County, New York",36,047,007700,8.01,84.55,4.79,5330
36047007800,"Census Tract 78, Kings County, New York",36,047,007800,9.48,74.02,14.98,4873
36047008000,"Census Tract 80, Kings County, New York",36,047,008000,13.21,69.87,15.58,3627
36047008200,"Census Tract 82, Kings County, New York",36,047,008200,13.21,67.74,19.21,3627
36047008400,"Census Tract 84, Kings County, New York",36,047,008400,11.55,78.79,15.32,3635
36047008500,"Census Tract 85, Kings County, New York",36,047,008500,12.99,72.01,43.41,7577
36047008600,"Census Tract 86, Kings County, New York",36,047,008600,,,,0
36047008800,"Census Tract 88, Kings County, New York",36,047,008800,13.12,77.86,9.62,2225
36047009001,"Census Tract 90.01, Kings County, New York",36,047,009001,12.47,74.24,18.8,1436
36047009002,"Census Tract 90.02, Kings County, New York",36,047,009002,7.72,77.7,4.15,1334
36047009201,"Census Tract 92.01, Kings County, New York",36,047,009201,9.29,76.54,24.4,2013
36047117000,"Census Tract 1170, Kings County, New York",36,047,117000,6.37,88.24,43.83,2058
36047117201,"Census Tract 1172.01, Kings County, New York",36,047,117201,12.56,68.66,24.48,2190
36047117202,"Census Tract 1172.02, Kings County, New York",36,047,117202,13.71,69.63,9.34,3991
36047117400,"Census Tract 1174, Kings County, New York",36,047,117400,17.04,63.74,19.98,3914
36047117601,"Census Tract 1176.01, Kings County, New York",36,047,117601,6.64,83.43,12.8,3345
36047117602,"Census Tract 1176.02, Kings County, New York",36,047,117602,15.48,73.08,16.49,2693
36047117800,"Census Tract 1178, Kings County, New York",36,047,117800,13.29,67.5,22.75,1686
36047118000,"Census Tract 1180, Kings County, New York",36,047,118000,,,,0
36047118201,"Census Tract 1182.01, Kings County, New York",36,047,118201,6.66,83.17,16.75,2883
36047118202,"Census Tract 1182.02, Kings County, New York",36,047,118202,7.51,78.02,20.97,3477
36047118400,"Census Tract 1184, Kings County, New York",36,047,118400,8.59,79.77,17.78,4817
36047118600,"Census Tract 1186, Kings County, New York",36,047,118600,16.07,63.82,7.42,2943
36047118800,"Census Tract 1188, Kings County, New York",36,047,118800,7.06,79.62,21.62,4758
36047119000,"Census Tract 1190, Kings County, New York",36,047,119000,7.86,79.9,35.34,2227
36047119200,"Census Tract 1192, Kings County, New York",36,047,119200,10.19,83.04,22.21,3043
36047119400,"Census Tract 1194, Kings County, New York",36,047,119400,7.52,86.15,38.91,5362
36047119600,"Census Tract 1196, Kings County, New York",36,047,119600,14.01,68.21,25.6,4832
36047119800,"Census Tract 1198, Kings County, New York",36,047,119800,12.63,81.39,35.27,3175
36047120000,"Census Tract 1200, Kings County, New York",36,047,120000,7.81,79.64,31.01,2652
36047120200,"Census Tract 1202, Kings County, New York",36,047,120200,11.55,64.21,29.88,2078
36047120801,"Census Tract 1208.01, Kings County, New York",36,047,120801,13.56,67.09,18.33,5096
36047120802,"Census Tract 1208.02, Kings County, New York",36,047,120802,11.16,76.9,29.24,4138
36047120803,"Census Tract 1208.03, Kings County, New York",36,047,120803,11.62,84.65,14.9,2203
36047121000,"Census Tract 1210, Kings County, New York",36,047,121000,13.32,65.62,60.39,4203
36047121400,"Census Tract 1214, Kings County, New York",36,047,121400,12.85,71.63,47.74,4342
36047122000,"Census Tract 1220, Kings County, New York",36,047,122000,7.34,80.51,21.97,6091
36047123700,"Census Tract 1237, Kings County, New York",36,047,123700,0.81,96.16,53.25,7133
36047150200,"Census Tract 1502, Kings County, New York",36,047,150200,13.19,72.51,4.14,2608
36047152200,"Census Tract 1522, Kings County, New York",36,047,152200,10.8,73.85,1.8,3629
36047990100,"Census Tract 9901, Kings County, New York",36,047,990100,,,,0
36061016500,"Census Tract 165, New York County, New York",36,061,016500,25.67,66.59,9.44,6674
36061016600,"Census Tract 166, New York County, New York",36,061,016600,9.73,79.4,30.26,6002
36061016700,"Census Tract 167, New York County, New York",36,061,016700,17.51,71.24,9.23,6058
36061016800,"Census Tract 168, New York County, New York",36,061,016800,21.45,69.45,43.34,5189
36061016900,"Census Tract 169, New York County, New York",36,061,016900,17.76,68.5,10.48,8272
36061017000,"Census Tract 170, New York County, New York",36,061,017000,17.93,66.71,18.05,8100
36061017100,"Census Tract 171, New York County, New York",36,061,017100,15.76,71.42,11.08,9168
36061017200,"Census Tract 172, New York County, New York",36,061,017200,10.61,75.85,27.32,5120
36061017300,"Census Tract 173, New York County, New York",36,061,017300,28.5,57.56,7.7,7868
36061017401,"Census Tract 174.01, New York County, New York",36,061,017401,18.36,67.12,34.5,4531
36061017402,"Census Tract 174.02, New York County, New York",36,061,017402,12.85,75.22,22.89,2661
36061017500,"Census Tract 175, New York County, New York",36,061,017500,21.13,68.11,3.42,10750
36061017700,"Census Tract 177, New York County, New York",36,061,017700,25.97,58.41,9.59,9437
36061017800,"Census Tract 178, New York County, New York",36,061,017800,6.59,87.68,21.9,4278
36061017900,"Census Tract 179, New York County, New York",36,061,017900,17.42,73.46,8.27,8916
36061018000,"Census Tract 180, New York County, New York",36,061,018000,8.7,82.13,43.39,6324
36061018100,"Census Tract 181, New York County, New York",36,061,018100,30.38,49.44,7.75,8859
36061018200,"Census Tract 182, New York County, New York",36,061,018200,14.37,66.96,35.08,7434
36061018300,"Census Tract 183, New York County, New York",36,061,018300,17.25,66.3,7.97,7963
36061018400,"Census Tract 184, New York County, New York",36,061,018400,14.36,73.05,31.22,7387
36061018500,"Census Tract 185, New York County, New York",36,061,018500,27.08,61.92,7.09,4756
36061018600,"Census Tract 186, New York County, New York",36,061,018600,11.35,67.54,37.3,6282
36061018700,"Census Tract 187, New York County, New York",36,061,018700,17.51,66.26,9.43,9524
36061018800,"Census Tract 188, New York County, New York",36,061,018800,10.62,80.59,37.43,4888
36061018900,"Census Tract 189, New York County, New York",36,061,018900,19.28,69.7,38.11,11014
36061019000,"Census Tract 190, New York County, New York",36,061,019000,14.67,75.24,19.63,3790
36061019100,"Census Tract 191, New York County, New York",36,061,019100,24.47,55.9,8.72,9124
36061019200,"Census Tract 192, New York County, New York",36,061,019200,12.61,69.6,48.49,4259
36061019300,"Census Tract 193, New York County, New York",36,061,019300,16.4,64.95,22.51,9896
36061019400,"Census Tract 194, New York County, New York",36,061,019400,15.8,69.04,37.84,5982
36061019500,"Census Tract 195, New York County, New York",36,061,019500,22.54,57.53,13.59,7226
36061019600,"Census Tract 196, New York County, New York",36,061,019600,20.48,63.87,37.96,4297
36061019701,"Census Tract 197.01, New York County, New York",36,061,019701,2.6,95.43,29.01,655
36061019702,"Census Tract 197.02, New York County, New York",36,061,019702,17.68,67.78,16.8,2720
36061019800,"Census Tract 198, New York County, New York",36,061,019800,21.41,58.65,6.94,2433
36061019900,"Census Tract 199, New York County, New York",36,061,019900,18.96,72.03,20.47,8344
36061020000,"Census Tract 200, New York County, New York",36,061,020000,15.7,70.95,9.57,3324
36061020101,"Census Tract 201.01, New York County, New York",36,061,020101,5.17,74.26,10.67,1759
36061020102,"Census Tract 201.02, New York County, New York",36,061,020102,9.37,80.11,14.24,4044
36061020300,"Census Tract 203, New York County, New York",36,061,020300,3.99,70.64,28.85,3834
36061020500,"Census Tract 205, New York County, New York",36,061,020500,13.73,57.63,6.31,5287
36061020600,"Census Tract 206, New York County, New York",36,061,020600,8.55,83.22,24.89,3405
36061020701,"Census Tract 207.01, New York County, New York",36,061,020701,5.1,89.24,26.59,2825
36061020800,"Census Tract 208, New York County, New York",36,061,020800,10.97,78.44,17.23,5686
36061020901,"Census Tract 209.01, New York County, New York",36,061,020901,14.41,67.69,32.79,3498
36061021000,"Census Tract 210, New York County, New York",36,061,021000,16.43,70.54,36.79,6943
36081012100,"Census Tract 121, Queens County, New York",36,081,012100,15.3,73.53,6.46,1935
36081012200,"Census Tract 122, Queens County, New York",36,081,012200,14.01,58.1,16.69,2933
36081012301,"Census Tract 123.01, Queens County, New York",36,081,012301,9.39,80.14,8.78,2917
36081012400,"Census Tract 124, Queens County, New York",36,081,012400,11.25,75.64,7.75,3101
36081012500,"Census Tract 125, Queens County, New York",36,081,012500,8.95,82.38,2.71,1587
36081012601,"Census Tract 126.01, Queens County, New York",36,081,012601,5.82,84.25,7.66,2749
36081012602,"Census Tract 126.02, Queens County, New York",36,081,012602,11.93,75.99,10.53,2715
36081012800,"Census Tract 128, Queens County, New York",36,081,012800,15.09,68.79,10.05,2187
36081013000,"Census Tract 130, Queens County, New York",36,081,013000,12.14,75.24,15.28,1787
36081013200,"Census Tract 132, Queens County, New York",36,081,013200,14.96,65.9,16.05,2112
36081013400,"Census Tract 134, Queens County, New York",36,081,013400,17.59,69.67,14.11,4253
36081013500,"Census Tract 135, Queens County, New York",36,081,013500,19.42,67.29,7.04,1236
36081013600,"Census Tract 136, Queens County, New York",36,081,013600,13.88,73.62,6.7,1866
36081013700,"Census Tract 137, Queens County, New York",36,081,013700,11.32,79.56,3.31,1785
36081013800,"Census Tract 138, Queens County, New York",36,081,013800,11.95,71.64,8.25,3724
36081014000,"Census Tract 140, Queens County, New York",36,081,014000,11.54,73.47,4.81,3716
36081014100,"Census Tract 141, Queens County, New York",36,081,014100,6.15,83.33,11.01,1690
36081014201,"Census Tract 142.01, Queens County, New York",36,081,014201,5.88,82.16,18.28,4541
36081014202,"Census Tract 142.02, Queens County, New York",36,081,014202,21.9,66.92,16.42,2721
36081014300,"Census Tract 143, Queens County, New York",36,081,014300,10.07,82.86,15.1,3456
36081014400,"Census Tract 144, Queens County, New York",36,081,014400,19.79,58.92,22.98,1971
36081014500,"Census Tract 145, Queens County, New York",36,081,014500,13.99,69.07,11.28,2331
36081014700,"Census Tract 147, Queens County, New York",36,081,014700,14.97,74.73,8.12,2712
36081014800,"Census Tract 148, Queens County, New York",36,081,014800,12.2,74.0,16.86,1615
36081014900,"Census Tract 149, Queens County, New York",36,081,014900,4.12,93.47,2.63,1822
36081015000,"Census Tract 150, Queens County, New York",36,081,015000,17.92,64.72,13.27,2562
36081015100,"Census Tract 151, Queens County, New York",36,081,015100,13.25,78.4,7.09,2582
36081015200,"Census Tract 152, Queens County, New York",36,081,015200,13.42,66.22,13.94,2906
36081015300,"Census Tract 153, Queens County, New York",36,081,015300,10.56,81.54,9.49,1922
36081015400,"Census Tract 154, Queens County, New York",36,081,015400,11.69,68.93,9.8,1916
36081015500,"Census Tract 155, Queens County, New York",36,081,015500,8.11,84.14,4.1,2269
36081015600,"Census Tract 156, Queens County, New York",36,081,015600,12.3,66.8,14.3,2976
36081015700,"Census Tract 157, Queens County, New York",36,081,015700,6.49,87.41,8.84,1278
36081015801,"Census Tract 158.01, Queens County, New York",36,081,015801,13.68,55.32,13.35,3991
36081015802,"Census Tract 158.02, Queens County, New York",36,081,015802,13.52,74.79,4.5,4629
36081015900,"Census Tract 159, Queens County, New York",36,081,015900,10.36,81.18,10.24,3359
36081016100,"Census Tract 161, Queens County, New York",36,081,016100,12.39,73.82,8.0,2301
36081016300,"Census Tract 163, Queens County, New York",36,081,016300,24.37,57.48,22.91,3422
36081016400,"Census Tract 164, Queens County, New York",36,081,016400,16.71,49.79,8.01,4082
36081016600,"Census Tract 166, Queens County, New York",36,081,016600,15.76,61.55,11.21,3840
36081016800,"Census Tract 168, Queens County, New York",36,081,016800,12.98,62.37,15.26,3405
36081016900,"Census Tract 169, Queens County, New York",36,081,016900,13.62,74.34,7.2,5573
36081017000,"Census Tract 170, Queens County, New York",36,081,017000,8.11,79.32,15.96,2751
36081017101,"Census Tract 171.01, Queens County, New York",36,081,017101,,,,0
36081017102,"Census Tract 171.02, Queens County, New York",36,081,017102,0.0,,100.0,22
36081017200,"Census Tract 172, Queens County, New York",36,081,017200,17.89,64.92,17.46,1845
36085014100,"Census Tract 141, Richmond County, New York",36,085,014100,16.19,60.66,17.6,2564
36085014604,"Census Tract 146.04, Richmond County, New York",36,085,014604,22.65,50.33,2.13,7041
36085014605,"Census Tract 146.05, Richmond County, New York",36,085,014605,18.33,62.22,5.13,3819
36085014606,"Census Tract 146.06, Richmond County, New York",36,085,014606,15.22,71.24,2.69,5734
36085014607,"Census Tract 146.07, Richmond County, New York",36,085,014607,16.0,66.52,6.31,4725
36085014608,"Census Tract 146.08, Richmond County, New York",36,085,014608,23.38,53.12,2.33,3264
36085014700,"Census Tract 147, Richmond County, New York",36,085,014700,32.62,48.42,2.38,3188
36085015100,"Census Tract 151, Richmond County, New York",36,085,015100,11.44,71.9,5.77,5602
36085015400,"Census Tract 154, Richmond County, New York",36,085,015400,,,,0
36085015601,"Census Tract 156.01, Richmond County, New York",36,085,015601,16.71,69.23,1.79,6075
36085015602,"Census Tract 156.02, Richmond County, New York",36,085,015602,20.48,56.53,11.07,3325
36085015603,"Census Tract 156.03, Richmond County, New York",36,085,015603,14.32,70.62,7.38,4636
36085016901,"Census Tract 169.01, Richmond County, New York",36,085,016901,12.1,66.88,5.82,3679
36085017005,"Census Tract 170.05, Richmond County, New York",36,085,017005,16.41,61.37,3.36,4913
36085017007,"Census Tract 170.07, Richmond County, New York",36,085,017007,9.63,74.44,7.63,6229
36085017009,"Census Tract 170.09, Richmond County, New York",36,085,017009,19.13,64.11,1.02,4710
36085017011,"Census Tract 170.11, Richmond County, New York",36,085,017011,17.72,65.11,10.94,4514
36085017012,"Census Tract 170.12, Richmond County, New York",36,085,017012,22.86,59.97,8.81,4020
36085017013,"Census Tract 170.13, Richmond County, New York",36,085,017013,19.9,53.98,3.45,4508
36085017014,"Census Tract 170.14, Richmond County, New York",36,085,017014,14.29,68.15,3.69,4473
36085017015,"Census Tract 170.15, Richmond County, New York",36,085,017015,20.04,60.82,4.26,2490
36085017016,"Census Tract 170.16, Richmond County, New York",36,085,017016,13.71,70.67,3.25,4405
36085017300,"Census Tract 173, Richmond County, New York",36,085,017300,16.75,68.29,19.19,2329
36085017600,"Census Tract 176, Richmond County, New York",36,085,017600,14.38,68.32,4.68,4897
36085017701,"Census Tract 177.01, Richmond County, New York",36,085,017701,21.3,59.23,1.71,3456
36085017702,"Census Tract 177.02, Richmond County, New York",36,085,017702,22.79,47.78,9.37,2562
36085018100,"Census Tract 181, Richmond County, New York",36,085,018100,39.0,33.68,8.38,3146
36085018701,"Census Tract 187.01, Richmond County, New York",36,085,018701,9.32,80.41,9.89,1791
36085018703,"Census Tract 187.03, Richmond County, New York",36,085,018703,21.86,58.6,5.14,4387
36085018704,"Census Tract 187.04, Richmond County, New York",36,085,018704,27.84,55.19,8.62,3459
36085018901,"Census Tract 189.01, Richmond County, New York",36,085,018901,21.31,59.22,6.2,4562
36085018902,"Census Tract 189.02, Richmond County, New York",36,085,018902,15.94,60.0,14.68,5742
36085019700,"Census Tract 197, Richmond County, New York",36,085,019700,16.69,67.52,8.88,1756
36085019800,"Census Tract 198, Richmond County, New York",36,085,019800,13.47,71.0,8.8,7075
36085020100,"Census Tract 201, Richmond County, New York",36,085,020100,9.27,80.52,12.62,3655
36085020701,"Census Tract 207.01, Richmond County, New York",36,085,020701,7.9,80.92,13.27,3164
36085020702,"Census Tract 207.02, Richmond County, New York",36,085,020702,12.24,73.17,28.83,2133
36085020803,"Census Tract 208.03, Richmond County, New York",36,085,020803,18.08,65.47,13.08,7595
36085020804,"Census Tract 208.04, Richmond County, New York",36,085,020804,19.01,64.28,2.6,6228
36085020805,"Census Tract 208.05, Richmond County, New York",36,085,020805,18.35,61.37,1.77,6337
36085020806,"Census Tract 208.06, Richmond County, New York",36,085,020806,18.6,63.31,6.03,2097
36085021300,"Census Tract 213, Richmond County, New York",36,085,021300,10.52,70.42,11.01,4866
36085022300,"Census Tract 223, Richmond County, New York",36,085,022300,16.58,59.62,26.18,2739
36085022601,"Census Tract 226.01, Richmond County, New York",36,085,022601,13.21,72.39,5.38,6858
36085022602,"Census Tract 226.02, Richmond County, New York",36,085,022602,15.16,79.59,26.67,1425
36061021100,"Census Tract 211, New York County, New York",36,061,021100,13.54,73.14,19.94,10709
36061021200,"Census Tract 212, New York County, New York",36,061,021200,29.9,59.25,12.77,4160
36061021303,"Census Tract 213.03, New York County, New York",36,061,021303,11.67,73.3,18.22,6307
36061021400,"Census Tract 214, New York County, New York",36,061,021400,21.38,72.31,11.29,3143
36061021500,"Census Tract 215, New York County, New York",36,061,021500,9.49,80.68,22.6,4277
36061021600,"Census Tract 216, New York County, New York",36,061,021600,6.35,85.1,20.25,9267
36061021703,"Census Tract 217.03, New York County, New York",36,061,021703,0.0,100.0,0.0,11
36061021800,"Census Tract 218, New York County, New York",36,061,021800,7.44,83.93,17.98,6198
36061021900,"Census Tract 219, New York County, New York",36,061,021900,12.3,70.77,47.32,6121
36061022000,"Census Tract 220, New York County, New York",36,061,022000,12.82,74.88,17.1,6503
36061022102,"Census Tract 221.02, New York County, New York",36,061,022102,6.28,89.9,5.91,2690
36061022200,"Census Tract 222, New York County, New York",36,061,022200,8.94,83.68,24.32,3479
36061022301,"Census Tract 223.01, New York County, New York",36,061,022301,12.85,68.62,16.26,8102
36061022302,"Census Tract 223.02, New York County, New York",36,061,022302,15.81,70.47,30.23,3067
36061022400,"Census Tract 224, New York County, New York",36,061,022400,9.82,78.91,33.02,7363
36061022500,"Census Tract 225, New York County, New York",36,061,022500,16.02,62.99,24.36,10897
36061022600,"Census Tract 226, New York County, New York",36,061,022600,12.8,73.04,25.46,4704
36061022700,"Census Tract 227, New York County, New York",36,061,022700,13.27,76.37,27.56,5321
36061022800,"Census Tract 228, New York County, New York",36,061,022800,13.22,76.16,19.32,6106
36061022900,"Census Tract 229, New York County, New York",36,061,022900,9.63,78.12,26.29,9075
36061023000,"Census Tract 230, New York County, New York",36,061,023000,13.75,73.42,27.9,8589
36061023100,"Census Tract 231, New York County, New York",36,061,023100,10.19,76.89,24.7,6750
36061023200,"Census Tract 232, New York County, New York",36,061,023200,7.26,80.56,35.15,9518
36061023300,"Census Tract 233, New York County, New York",36,061,023300,6.88,82.72,17.69,6974
36061023400,"Census Tract 234, New York County, New York",36,061,023400,8.09,85.5,27.68,4945
36061023501,"Census Tract 235.01, New York County, New York",36,061,023501,6.98,85.83,17.23,6751
36061023502,"Census Tract 235.02, New York County, New York",36,061,023502,8.24,81.13,20.76,1845
36061023600,"Census Tract 236, New York County, New York",36,061,023600,16.29,66.16,18.21,7679
36061023700,"Census Tract 237, New York County, New York",36,061,023700,12.19,73.67,32.18,6439
36061023802,"Census Tract 238.02, New York County, New York",36,061,023802,22.85,68.22,10.04,6219
36061023803,"Census Tract 238.03, New York County, New York",36,061,023803,27.04,54.52,5.76,3021
36061023804,"Census Tract 238.04, New York County, New York",36,061,023804,8.53,89.22,7.05,3530
36061023900,"Census Tract 239, New York County, New York",36,061,023900,19.96,64.84,16.82,3122
36061024000,"Census Tract 240, New York County, New York",36,061,024000,5.38,,79.59,1860
36061024100,"Census Tract 241, New York County, New York",36,061,024100,21.12,57.22,15.13,8177
36061024200,"Census Tract 242, New York County, New York",36,061,024200,8.42,77.8,26.81,5152
36061024301,"Census Tract 243.01, New York County, New York",36,061,024301,11.98,69.49,14.17,5192
36061024302,"Census Tract 243.02, New York County, New York",36,061,024302,11.39,74.7,46.26,7225
36061024500,"Census Tract 245, New York County, New York",36,061,024500,14.14,70.77,21.0,14089
36061024700,"Census Tract 247, New York County, New York",36,061,024700,24.37,53.93,16.44,7170
36061024900,"Census Tract 249, New York County, New York",36,061,024900,18.6,75.17,20.06,957
36061025100,"Census Tract 251, New York County, New York",36,061,025100,14.21,62.69,31.97,2779
36061025300,"Census Tract 253, New York County, New York",36,061,025300,12.74,73.69,18.28,12515
36061025500,"Census Tract 255, New York County, New York",36,061,025500,10.66,71.34,23.26,6173
36061025700,"Census Tract 257, New York County, New York",36,061,025700,7.64,83.24,9.06,4738
36061025900,"Census Tract 259, New York County, New York",36,061,025900,5.38,86.49,11.61,3642
36081017400,"Census Tract 174, Queens County, New York",36,081,017400,13.88,67.48,7.64,2277
36081017600,"Census Tract 176, Queens County, New York",36,081,017600,17.11,59.93,16.61,2011
36081017800,"Census Tract 178, Queens County, New York",36,081,017800,12.1,62.48,6.71,2214
36081017901,"Census Tract 179.01, Queens County, New York",36,081,017901,10.71,83.45,36.26,1139
36081017902,"Census Tract 179.02, Queens County, New York",36,081,017902,0.0,100.0,45.45,11
36081018000,"Census Tract 180, Queens County, New York",36,081,018000,12.48,66.11,19.67,1458
36081018101,"Census Tract 181.01, Queens County, New York",36,081,018101,11.84,75.48,16.27,3589
36081018102,"Census Tract 181.02, Queens County, New York",36,081,018102,11.34,83.15,7.39,3147
36081018200,"Census Tract 182, Queens County, New York",36,081,018200,20.81,64.08,17.83,2422
36081018300,"Census Tract 183, Queens County, New York",36,081,018300,13.5,74.52,6.65,6126
36081018401,"Census Tract 184.01, Queens County, New York",36,081,018401,11.81,66.98,14.56,1999
36081018402,"Census Tract 184.02, Queens County, New York",36,081,018402,10.09,70.31,11.24,2399
36081018501,"Census Tract 185.01, Queens County, New York",36,081,018501,17.09,69.49,10.27,3377
36081018502,"Census Tract 185.02, Queens County, New York",36,081,018502,13.17,78.01,4.77,3061
36081018600,"Census Tract 186, Queens County, New York",36,081,018600,9.26,69.54,3.95,1847
36081018700,"Census Tract 187, Queens County, New York",36,081,018700,15.54,71.57,8.21,2922
36081018800,"Census Tract 188, Queens County, New York",36,081,018800,11.66,64.43,15.91,1364
36081018900,"Census Tract 189, Queens County, New York",36,081,018900,12.56,74.96,6.8,3098
36081019000,"Census Tract 190, Queens County, New York",36,081,019000,9.75,77.44,7.22,2461
36081019200,"Census Tract 192, Queens County, New York",36,081,019200,21.16,57.77,4.77,1928
36081019400,"Census Tract 194, Queens County, New York",36,081,019400,15.54,56.14,9.27,2934
36081019600,"Census Tract 196, Queens County, New York",36,081,019600,8.61,74.28,16.27,3170
36081019800,"Census Tract 198, Queens County, New York",36,081,019800,9.01,76.89,9.33,2820
36081019901,"Census Tract 199.01, Queens County, New York",36,081,019901,3.66,88.78,8.06,546
36081019902,"Census Tract 199.02, Queens County, New York",36,081,019902,,,,0
36081019903,"Census Tract 199.03, Queens County, New York",36,081,019903,,,,0
36081020200,"Census Tract 202, Queens County, New York",36,081,020200,11.67,54.29,4.93,1688
36081020400,"Census Tract 204, Queens County, New York",36,081,020400,17.58,60.46,19.47,2133
36081020500,"Census Tract 205, Queens County, New York",36,081,020500,17.38,62.05,14.89,1283
36081020600,"Census Tract 206, Queens County, New York",36,081,020600,8.31,71.63,8.19,1721
36081020800,"Census Tract 208, Queens County, New York",36,081,020800,6.84,81.59,8.77,3188
36081021200,"Census Tract 212, Queens County, New York",36,081,021200,13.98,66.52,33.73,2496
36081021400,"Census Tract 214, Queens County, New York",36,081,021400,11.53,72.36,26.7,6723
36081021601,"Census Tract 216.01, Queens County, New York",36,081,021601,14.99,75.44,6.95,2588
36081021602,"Census Tract 216.02, Queens County, New York",36,081,021602,13.38,75.14,15.97,1831
36081021603,"Census Tract 216.03, Queens County, New York",36,081,021603,,,,0
36081021900,"Census Tract 219, Queens County, New York",36,081,021900,,,,0
36081022001,"Census Tract 220.01, Queens County, New York",36,081,022001,9.25,83.07,14.37,5901
36081022002,"Census Tract 220.02, Queens County, New York",36,081,022002,13.12,71.55,10.36,7421
36081022900,"Census Tract 229, Queens County, New York",36,081,022900,,,,0
36081023000,"Census Tract 230, Queens County, New York",36,081,023000,14.22,65.04,9.69,2018
36081023200,"Census Tract 232, Queens County, New York",36,081,023200,20.05,68.19,13.07,5487
36081023501,"Census Tract 235.01, Queens County, New York",36,081,023501,13.94,67.62,11.28,4786
36081023502,"Census Tract 235.02, Queens County, New York",36,081,023502,7.74,81.73,10.13,2804
36081023600,"Census Tract 236, Queens County, New York",36,081,023600,17.73,61.46,15.27,3018
36081023800,"Census Tract 238, Queens County, New York",36,081,023800,9.2,79.1,18.22,4621
36085022801,"Census Tract 228.01, Richmond County, New York",36,085,022801,0.0,100.0,0.0,24
36085022802,"Census Tract 228.02, Richmond County, New York",36,085,022802,,,,0
36085023100,"Census Tract 231, Richmond County, New York",36,085,023100,12.46,68.99,13.17,5041
36085023900,"Census Tract 239, Richmond County, New York",36,085,023900,10.97,68.65,16.4,3809
36085024401,"Census Tract 244.01, Richmond County, New York",36,085,024401,14.55,71.4,6.27,5917
36085024402,"Census Tract 244.02, Richmond County, New York",36,085,024402,15.41,66.98,2.37,4970
36085024700,"Census Tract 247, Richmond County, New York",36,085,024700,7.62,81.18,10.9,3163
36085024800,"Census Tract 248, Richmond County, New York",36,085,024800,10.58,75.4,5.9,4907
36085025100,"Census Tract 251, Richmond County, New York",36,085,025100,18.73,62.27,2.59,5789
36085027301,"Census Tract 273.01, Richmond County, New York",36,085,027301,24.05,57.05,9.3,3697
36085027302,"Census Tract 273.02, Richmond County, New York",36,085,027302,13.89,65.6,16.98,4225
36085027702,"Census Tract 277.02, Richmond County, New York",36,085,027702,14.89,74.45,11.34,6474
36085027704,"Census Tract 277.04, Richmond County, New York",36,085,027704,18.06,58.31,7.36,4606
36085027705,"Census Tract 277.05, Richmond County, New York",36,085,027705,16.74,62.47,11.11,6117
36085027706,"Census Tract 277.06, Richmond County, New York",36,085,027706,12.63,67.29,19.55,3744
36085027900,"Census Tract 279, Richmond County, New York",36,085,027900,37.27,52.55,4.78,2192
36085029102,"Census Tract 291.02, Richmond County, New York",36,085,029102,8.3,76.02,11.61,3110
36085029104,"Census Tract 291.04, Richmond County, New York",36,085,029104,18.93,62.14,4.06,7216
36085029105,"Census Tract 291.05, Richmond County, New York",36,085,029105,16.21,61.32,9.15,4435
36085029106,"Census Tract 291.06, Richmond County, New York",36,085,029106,13.36,66.73,10.08,3511
36085030301,"Census Tract 303.01, Richmond County, New York",36,085,030301,18.66,66.68,2.92,5151
36085030302,"Census Tract 303.02, Richmond County, New York",36,085,030302,11.77,74.96,19.31,6569
36085031901,"Census Tract 319.01, Richmond County, New York",36,085,031901,8.99,79.05,30.15,3293
36085031902,"Census Tract 319.02, Richmond County, New York",36,085,031902,8.44,76.77,26.61,4953
36085032300,"Census Tract 323, Richmond County, New York",36,085,032300,12.0,70.79,11.58,1200
36085990100,"Census Tract 9901, Richmond County, New York",36,085,990100,,,,0
36061026100,"Census Tract 261, New York County, New York",36,061,026100,11.77,67.8,22.47,11981
36061026300,"Census Tract 263, New York County, New York",36,061,026300,10.73,75.2,24.71,9116
36061026500,"Census Tract 265, New York County, New York",36,061,026500,13.85,74.96,10.11,7618
36061026700,"Census Tract 267, New York County, New York",36,061,026700,4.68,84.37,14.59,1966
36061026900,"Census Tract 269, New York County, New York",36,061,026900,14.81,63.6,19.19,9586
36061027100,"Census Tract 271, New York County, New York",36,061,027100,13.06,70.27,17.18,8916
36061027300,"Census Tract 273, New York County, New York",36,061,027300,13.78,72.91,4.15,7111
36061027500,"Census Tract 275, New York County, New York",36,061,027500,21.57,66.92,5.24,3079
36061027700,"Census Tract 277, New York County, New York",36,061,027700,29.79,60.57,42.85,6659
36061027900,"Census Tract 279, New York County, New York",36,061,027900,11.66,72.97,18.57,11988
36061028100,"Census Tract 281, New York County, New York",36,061,028100,16.2,79.6,3.82,3283
36061028300,"Census Tract 283, New York County, New York",36,061,028300,21.32,64.7,15.48,8026
36061028500,"Census Tract 285, New York County, New York",36,061,028500,16.13,63.24,21.42,8408
36061028700,"Census Tract 287, New York County, New York",36,061,028700,12.98,71.82,13.29,4191
36061029100,"Census Tract 291, New York County, New York",36,061,029100,10.22,75.16,23.69,12148
36061029300,"Census Tract 293, New York County, New York",36,061,029300,12.89,69.58,17.96,9559
36061029500,"Census Tract 295, New York County, New York",36,061,029500,12.49,78.72,7.99,7905
36061029700,"Census Tract 297, New York County, New York",36,061,029700,9.52,,,21
36061029900,"Census Tract 299, New York County, New York",36,061,029900,22.36,56.11,34.47,3507
36061030300,"Census Tract 303, New York County, New York",36,061,030300,13.56,75.24,9.4,4298
36061030700,"Census Tract 307, New York County, New York",36,061,030700,13.36,74.08,9.63,4033
36061030900,"Census Tract 309, New York County, New York",36,061,030900,13.91,70.1,35.08,11190
36061031100,"Census Tract 311, New York County, New York",36,061,031100,,,,0
36061031703,"Census Tract 317.03, New York County, New York",36,061,031703,4.44,89.2,2.81,6086
36061031704,"Census Tract 317.04, New York County, New York",36,061,031704,8.53,84.37,4.75,10083
36061031900,"Census Tract 319, New York County, New York",36,061,031900,,,,0
36081024300,"Census Tract 243, Queens County, New York",36,081,024300,28.42,45.5,4.91,4873
36081024500,"Census Tract 245, Queens County, New York",36,081,024500,26.51,58.25,8.03,4372
36081024600,"Census Tract 246, Queens County, New York",36,081,024600,,,,0
36081024700,"Census Tract 247, Queens County, New York",36,081,024700,17.93,69.72,8.61,1394
36081024900,"Census Tract 249, Queens County, New York",36,081,024900,15.87,75.42,13.61,4996
36081025100,"Census Tract 251, Queens County, New York",36,081,025100,19.27,63.23,6.3,5552
36081025301,"Census Tract 253.01, Queens County, New York",36,081,025301,11.13,80.13,8.14,3945
36081025302,"Census Tract 253.02, Queens County, New York",36,081,025302,13.37,74.4,12.27,3202
36081025401,"Census Tract 254.01, Queens County, New York",36,081,025401,8.39,69.37,13.66,4257
36081025402,"Census Tract 254.02, Queens County, New York",36,081,025402,16.98,54.74,12.73,5770
36081025500,"Census Tract 255, Queens County, New York",36,081,025500,12.35,70.83,7.78,1555
36081025700,"Census Tract 257, Queens County, New York",36,081,025700,19.28,65.27,7.34,1592
36081025800,"Census Tract 258, Queens County, New York",36,081,025800,11.56,68.21,13.13,2179
36081025900,"Census Tract 259, Queens County, New York",36,081,025900,15.25,67.76,12.07,3272
36081026000,"Census Tract 260, Queens County, New York",36,081,026000,7.28,76.5,8.15,2664
36081026100,"Census Tract 261, Queens County, New York",36,081,026100,13.62,67.1,9.58,6549
36081026200,"Census Tract 262, Queens County, New York",36,081,026200,12.53,62.86,9.3,1365
36081026300,"Census Tract 263, Queens County, New York",36,081,026300,16.42,71.55,3.2,5566
36081026400,"Census Tract 264, Queens County, New York",36,081,026400,16.96,65.35,12.87,2418
36081026501,"Census Tract 265.01, Queens County, New York",36,081,026501,10.97,78.78,19.13,2562
36081026502,"Census Tract 265.02, Queens County, New York",36,081,026502,5.02,87.72,5.2,1135
36081026600,"Census Tract 266, Queens County, New York",36,081,026600,28.5,36.81,21.82,1719
36081026700,"Census Tract 267, Queens County, New York",36,081,026700,15.74,72.27,14.87,4836
36081026901,"Census Tract 269.01, Queens County, New York",36,081,026901,11.62,73.3,7.09,5105
36081026902,"Census Tract 269.02, Queens County, New York",36,081,026902,9.97,75.71,12.99,3452
36081027000,"Census Tract 270, Queens County, New York",36,081,027000,10.64,55.77,4.26,2002
36081027101,"Census Tract 271.01, Queens County, New York",36,081,027101,18.73,64.44,13.55,5290
36081027102,"Census Tract 271.02, Queens County, New York",36,081,027102,5.93,84.84,5.63,3340
36081027200,"Census Tract 272, Queens County, New York",36,081,027200,10.93,72.77,5.8,2050
36081027301,"Census Tract 273.01, Queens County, New York",36,081,027301,4.4,93.04,29.04,2634
36081027302,"Census Tract 273.02, Queens County, New York",36,081,027302,13.37,70.59,19.43,4600
36081027400,"Census Tract 274, Queens County, New York",36,081,027400,12.14,68.6,18.36,1688
36081027500,"Census Tract 275, Queens County, New York",36,081,027500,15.62,62.97,15.81,6325
36081027600,"Census Tract 276, Queens County, New York",36,081,027600,14.64,51.82,4.0,1455
36081027701,"Census Tract 277.01, Queens County, New York",36,081,027701,5.51,84.34,16.02,3651
36081027702,"Census Tract 277.02, Queens County, New York",36,081,027702,12.96,69.95,9.55,4190
36081027800,"Census Tract 278, Queens County, New York",36,081,027800,11.46,73.37,26.18,2338
36081024000,"Census Tract 240, Queens County, New York",36,081,024000,16.23,63.35,18.28,6950
36081027900,"Census Tract 279, Queens County, New York",36,081,027900,14.75,67.51,10.09,6209
36081028000,"Census Tract 280, Queens County, New York",36,081,028000,12.21,62.81,5.1,1589
36081028100,"Census Tract 281, Queens County, New York",36,081,028100,17.78,68.47,15.19,5393
36081028200,"Census Tract 282, Queens County, New York",36,081,028200,8.89,72.14,10.03,1935
36081028300,"Census Tract 283, Queens County, New York",36,081,028300,16.65,72.84,15.84,7284
36081028400,"Census Tract 284, Queens County, New York",36,081,028400,14.43,60.44,4.2,4054
36081028500,"Census Tract 285, Queens County, New York",36,081,028500,18.56,62.95,9.67,4800
36081028700,"Census Tract 287, Queens County, New York",36,081,028700,19.16,62.54,19.39,6462
36081028801,"Census Tract 288.01, Queens County, New York",36,081,028801,10.4,68.8,3.17,2712
36081028802,"Census Tract 288.02, Queens County, New York",36,081,028802,14.62,63.64,7.87,1970
36081028803,"Census Tract 288.03, Queens County, New York",36,081,028803,,,,0
36081028900,"Census Tract 289, Queens County, New York",36,081,028900,12.72,71.2,8.27,5250
36081029100,"Census Tract 291, Queens County, New York",36,081,029100,15.45,75.09,5.79,6490
36081029300,"Census Tract 293, Queens County, New York",36,081,029300,14.78,75.0,4.81,1123
36081029400,"Census Tract 294, Queens County, New York",36,081,029400,9.9,71.37,7.37,6919
36081029500,"Census Tract 295, Queens County, New York",36,081,029500,14.56,73.15,7.99,3675
36081029700,"Census Tract 297, Queens County, New York",36,081,029700,11.07,72.36,5.13,2006
36081029900,"Census Tract 299, Queens County, New York",36,081,029900,,,,0
36081030600,"Census Tract 306, Queens County, New York",36,081,030600,13.43,67.94,12.1,4983
36081030903,"Census Tract 309.03, Queens County, New York",36,081,030903,15.98,62.24,5.28,5356
36081030904,"Census Tract 309.04, Queens County, New York",36,081,030904,19.1,54.54,8.32,2801
36081030905,"Census Tract 309.05, Queens County, New York",36,081,030905,13.7,69.71,15.96,2853
36081030906,"Census Tract 309.06, Queens County, New York",36,081,030906,19.54,56.0,11.19,3249
36081031700,"Census Tract 317, Queens County, New York",36,081,031700,18.67,64.54,2.52,5216
36081032000,"Census Tract 320, Queens County, New York",36,081,032000,7.59,69.33,13.83,4626
36081032700,"Census Tract 327, Queens County, New York",36,081,032700,16.77,61.4,19.7,3328
36081032800,"Census Tract 328, Queens County, New York",36,081,032800,11.49,70.74,6.07,2734
36081032900,"Census Tract 329, Queens County, New York",36,081,032900,15.07,62.21,8.43,3390
36081033000,"Census Tract 330, Queens County, New York",36,081,033000,14.24,57.2,6.76,7254
36081033100,"Census Tract 331, Queens County, New York",36,081,033100,,,,0
36081033401,"Census Tract 334.01, Queens County, New York",36,081,033401,12.39,70.04,8.72,3713
36081033403,"Census Tract 334.03, Queens County, New York",36,081,033403,28.26,49.47,9.68,4349
36081033404,"Census Tract 334.04, Queens County, New York",36,081,033404,22.3,57.45,10.56,5220
36081033405,"Census Tract 334.05, Queens County, New York",36,081,033405,27.51,59.82,2.0,2603
36081033700,"Census Tract 337, Queens County, New York",36,081,033700,13.96,60.24,2.65,2607
36081033900,"Census Tract 339, Queens County, New York",36,081,033900,25.28,55.78,23.07,2666
36081034700,"Census Tract 347, Queens County, New York",36,081,034700,14.65,73.34,13.35,2840
36081035100,"Census Tract 351, Queens County, New York",36,081,035100,24.94,54.89,11.18,3480
36081035200,"Census Tract 352, Queens County, New York",36,081,035200,15.89,71.45,9.23,2643
36081035300,"Census Tract 353, Queens County, New York",36,081,035300,12.81,68.64,14.93,2139
36081035700,"Census Tract 357, Queens County, New York",36,081,035700,30.08,43.72,17.22,3507
36081035800,"Census Tract 358, Queens County, New York",36,081,035800,15.44,62.34,8.41,4430
36081036100,"Census Tract 361, Queens County, New York",36,081,036100,12.43,63.41,11.32,2196
36081036300,"Census Tract 363, Queens County, New York",36,081,036300,8.16,73.01,11.35,1801
36081036500,"Census Tract 365, Queens County, New York",36,081,036500,5.19,87.01,17.71,2794
36081036600,"Census Tract 366, Queens County, New York",36,081,036600,15.42,60.3,10.23,2795
36081036700,"Census Tract 367, Queens County, New York",36,081,036700,14.92,69.08,17.89,2098
36081036800,"Census Tract 368, Queens County, New York",36,081,036800,15.69,58.63,9.23,2383
36081037100,"Census Tract 371, Queens County, New York",36,081,037100,19.16,61.88,7.93,1211
36081037300,"Census Tract 373, Queens County, New York",36,081,037300,8.83,75.14,13.64,2345
36081037501,"Census Tract 375.01, Queens County, New York",36,081,037501,9.58,76.49,23.47,1482
36081037502,"Census Tract 375.02, Queens County, New York",36,081,037502,11.76,70.57,14.0,2542
36081037600,"Census Tract 376, Queens County, New York",36,081,037600,14.08,63.27,6.38,6222
36081037700,"Census Tract 377, Queens County, New York",36,081,037700,5.29,83.29,12.59,3896
36081037900,"Census Tract 379, Queens County, New York",36,081,037900,9.05,74.79,15.69,6321
36081038100,"Census Tract 381, Queens County, New York",36,081,038100,6.78,77.48,17.47,6713
36081038301,"Census Tract 383.01, Queens County, New York",36,081,038301,,,,0
36081038302,"Census Tract 383.02, Queens County, New York",36,081,038302,,,,0
36081038400,"Census Tract 384, Queens County, New York",36,081,038400,15.96,58.22,5.16,2331
36081039400,"Census Tract 394, Queens County, New York",36,081,039400,13.35,66.71,18.03,2884
36081039800,"Census Tract 398, Queens County, New York",36,081,039800,11.62,69.06,8.32,1695
36081039901,"Census Tract 399.01, Queens County, New York",36,081,039901,7.31,74.67,2.25,2475
36081039902,"Census Tract 399.02, Queens County, New York",36,081,039902,13.37,73.81,29.06,1391
36081040000,"Census Tract 400, Queens County, New York",36,081,040000,13.06,67.75,6.0,1509
36081040101,"Census Tract 401.01, Queens County, New York",36,081,040101,16.04,62.79,12.86,2761
36081040102,"Census Tract 401.02, Queens County, New York",36,081,040102,6.74,82.89,14.92,4436
36081040200,"Census Tract 402, Queens County, New York",36,081,040200,11.5,65.64,5.52,1557
36081040301,"Census Tract 403.01, Queens County, New York",36,081,040301,3.79,88.89,15.58,3139
36081040302,"Census Tract 403.02, Queens County, New York",36,081,040302,6.3,83.85,15.81,4156
36081040400,"Census Tract 404, Queens County, New York",36,081,040400,18.24,60.73,10.85,4095
36081040501,"Census Tract 405.01, Queens County, New York",36,081,040501,7.54,86.67,11.58,1087
36081040502,"Census Tract 405.02, Queens County, New York",36,081,040502,5.14,82.26,8.14,2178
36081040701,"Census Tract 407.01, Queens County, New York",36,081,040701,4.79,86.97,22.81,3781
36081040702,"Census Tract 407.02, Queens County, New York",36,081,040702,12.77,70.01,19.46,4510
36081040901,"Census Tract 409.01, Queens County, New York",36,081,040901,6.54,75.93,13.48,1605
36081040902,"Census Tract 409.02, Queens County, New York",36,081,040902,2.72,89.06,16.6,3120
36081041100,"Census Tract 411, Queens County, New York",36,081,041100,6.64,70.65,16.63,3884
36081041300,"Census Tract 413, Queens County, New York",36,081,041300,7.52,74.41,30.17,4668
36081041400,"Census Tract 414, Queens County, New York",36,081,041400,10.63,70.79,16.36,4468
36081041500,"Census Tract 415, Queens County, New York",36,081,041500,12.94,62.63,16.4,4259
36081042400,"Census Tract 424, Queens County, New York",36,081,042400,19.53,51.93,7.67,2314
36081042600,"Census Tract 426, Queens County, New York",36,081,042600,60.43,,91.87,470
36081042700,"Census Tract 427, Queens County, New York",36,081,042700,7.48,82.14,25.35,4732
36081043200,"Census Tract 432, Queens County, New York",36,081,043200,10.11,73.66,6.52,1227
36081043400,"Census Tract 434, Queens County, New York",36,081,043400,18.2,60.54,6.95,1841
36081043701,"Census Tract 437.01, Queens County, New York",36,081,043701,16.23,77.78,20.76,3007
36081043702,"Census Tract 437.02, Queens County, New York",36,081,043702,15.44,63.63,17.48,6938
36081043900,"Census Tract 439, Queens County, New York",36,081,043900,7.92,80.04,25.91,3411
36081044000,"Census Tract 440, Queens County, New York",36,081,044000,6.84,81.03,10.76,4165
36081044301,"Census Tract 443.01, Queens County, New York",36,081,044301,17.49,58.52,30.55,3780
36081044302,"Census Tract 443.02, Queens County, New York",36,081,044302,14.01,65.38,12.69,4104
36081044400,"Census Tract 444, Queens County, New York",36,081,044400,15.11,56.16,21.5,3693
36081044601,"Census Tract 446.01, Queens County, New York",36,081,044601,15.96,63.67,11.54,3666
36081044602,"Census Tract 446.02, Queens County, New York",36,081,044602,8.79,76.97,32.65,5016
36081044800,"Census Tract 448, Queens County, New York",36,081,044800,11.2,68.25,22.59,2911
36081045000,"Census Tract 450, Queens County, New York",36,081,045000,12.95,63.65,8.96,2154
36081045200,"Census Tract 452, Queens County, New York",36,081,045200,36.43,60.96,12.74,1238
36081045400,"Census Tract 454, Queens County, New York",36,081,045400,16.15,59.82,14.29,5017
36081045500,"Census Tract 455, Queens County, New York",36,081,045500,8.45,74.33,19.54,14220
36081045600,"Census Tract 456, Queens County, New York",36,081,045600,24.48,38.24,13.25,1442
36081045700,"Census Tract 457, Queens County, New York",36,081,045700,16.9,58.86,12.49,3557
36081045800,"Census Tract 458, Queens County, New York",36,081,045800,11.11,70.83,2.21,2259
36081045900,"Census Tract 459, Queens County, New York",36,081,045900,6.98,80.38,8.95,4196
36081046000,"Census Tract 460, Queens County, New York",36,081,046000,13.21,65.39,9.07,6156
36081046100,"Census Tract 461, Queens County, New York",36,081,046100,10.99,78.2,11.45,2639
36081046200,"Census Tract 462, Queens County, New York",36,081,046200,19.28,65.95,10.03,6355
36081046300,"Census Tract 463, Queens County, New York",36,081,046300,11.77,70.29,11.84,3679
36081046400,"Census Tract 464, Queens County, New York",36,081,046400,10.45,69.83,10.88,2000
36081046500,"Census Tract 465, Queens County, New York",36,081,046500,11.15,75.41,9.81,4189
36081046600,"Census Tract 466, Queens County, New York",36,081,046600,13.96,69.19,10.05,3891
36081046700,"Census Tract 467, Queens County, New York",36,081,046700,13.08,75.78,11.19,5909
36081046800,"Census Tract 468, Queens County, New York",36,081,046800,16.17,62.47,12.55,3426
36081046901,"Census Tract 469.01, Queens County, New York",36,081,046901,15.23,69.74,13.14,4026
36081046902,"Census Tract 469.02, Queens County, New York",36,081,046902,11.58,67.58,13.0,3800
36081047000,"Census Tract 470, Queens County, New York",36,081,047000,19.41,58.74,15.44,3452
36081047100,"Census Tract 471, Queens County, New York",36,081,047100,13.63,66.55,14.08,4381
36081047200,"Census Tract 472, Queens County, New York",36,081,047200,24.7,68.61,2.0,3769
36081047300,"Census Tract 473, Queens County, New York",36,081,047300,14.27,70.37,9.55,4254
36081047500,"Census Tract 475, Queens County, New York",36,081,047500,9.61,74.91,10.15,4651
36081047600,"Census Tract 476, Queens County, New York",36,081,047600,25.02,52.67,3.83,1435
36081047801,"Census Tract 478.01, Queens County, New York",36,081,047801,26.53,58.55,13.12,3630
36081047802,"Census Tract 478.02, Queens County, New York",36,081,047802,4.31,94.26,4.68,1090
36081047900,"Census Tract 479, Queens County, New York",36,081,047900,10.91,76.93,15.98,5737
36081048000,"Census Tract 480, Queens County, New York",36,081,048000,23.15,47.41,4.77,2307
36081048100,"Census Tract 481, Queens County, New York",36,081,048100,19.96,62.6,11.34,6985
36081048200,"Census Tract 482, Queens County, New York",36,081,048200,19.94,65.64,9.42,1289
36081048301,"Census Tract 483.01, Queens County, New York",36,081,048301,12.32,72.81,18.53,1997
36081048302,"Census Tract 483.02, Queens County, New York",36,081,048302,4.21,89.23,7.39,1948
36081048400,"Census Tract 484, Queens County, New York",36,081,048400,12.0,73.11,6.24,4901
36081048500,"Census Tract 485, Queens County, New York",36,081,048500,12.81,69.66,8.61,4427
36081048900,"Census Tract 489, Queens County, New York",36,081,048900,14.43,73.4,10.87,1490
36081049201,"Census Tract 492.01, Queens County, New York",36,081,049201,18.13,63.28,4.28,3111
36081049202,"Census Tract 492.02, Queens County, New York",36,081,049202,21.54,53.22,27.17,2525
36081049301,"Census Tract 493.01, Queens County, New York",36,081,049301,21.14,56.67,11.84,2129
36081049302,"Census Tract 493.02, Queens County, New York",36,081,049302,19.97,75.34,15.89,3150
36081049500,"Census Tract 495, Queens County, New York",36,081,049500,14.31,64.76,6.16,1600
36081049600,"Census Tract 496, Queens County, New York",36,081,049600,15.34,60.4,7.5,3214
36081049700,"Census Tract 497, Queens County, New York",36,081,049700,6.88,80.98,1.74,3112
36081049900,"Census Tract 499, Queens County, New York",36,081,049900,10.44,74.91,5.92,5556
36081050000,"Census Tract 500, Queens County, New York",36,081,050000,13.61,81.43,11.9,4378
36081050201,"Census Tract 502.01, Queens County, New York",36,081,050201,21.8,43.55,10.14,1390
36081050202,"Census Tract 502.02, Queens County, New York",36,081,050202,12.89,63.71,8.14,1327
36081050400,"Census Tract 504, Queens County, New York",36,081,050400,12.65,65.58,10.72,1731
36081050500,"Census Tract 505, Queens County, New York",36,081,050500,10.2,76.57,9.5,1716
36081050600,"Census Tract 506, Queens County, New York",36,081,050600,16.23,57.4,8.31,1540
36081050700,"Census Tract 507, Queens County, New York",36,081,050700,11.61,79.24,12.33,3722
36081051000,"Census Tract 510, Queens County, New York",36,081,051000,14.64,60.09,13.82,1735
36081051100,"Census Tract 511, Queens County, New York",36,081,051100,14.22,67.04,4.49,2292
36081051200,"Census Tract 512, Queens County, New York",36,081,051200,16.12,62.56,5.59,2518
36081051300,"Census Tract 513, Queens County, New York",36,081,051300,11.94,71.79,12.41,2530
36081051500,"Census Tract 515, Queens County, New York",36,081,051500,9.08,76.5,5.51,3501
36081051600,"Census Tract 516, Queens County, New York",36,081,051600,15.88,49.55,13.17,2040
36081051700,"Census Tract 517, Queens County, New York",36,081,051700,12.25,75.27,7.14,1910
36081051800,"Census Tract 518, Queens County, New York",36,081,051800,14.66,63.59,8.97,2073
36081052000,"Census Tract 520, Queens County, New York",36,081,052000,16.76,53.5,6.57,1313
36081052100,"Census Tract 521, Queens County, New York",36,081,052100,13.48,68.62,10.66,2025
36081052200,"Census Tract 522, Queens County, New York",36,081,052200,16.96,53.86,8.22,1728
36081052400,"Census Tract 524, Queens County, New York",36,081,052400,12.18,61.08,16.77,1815
36081052500,"Census Tract 525, Queens County, New York",36,081,052500,11.96,72.32,9.14,2516
36081052600,"Census Tract 526, Queens County, New York",36,081,052600,12.15,70.91,6.1,2131
36081052800,"Census Tract 528, Queens County, New York",36,081,052800,17.43,58.87,3.92,1480
36081053000,"Census Tract 530, Queens County, New York",36,081,053000,11.12,66.61,1.78,2418
36081053100,"Census Tract 531, Queens County, New York",36,081,053100,10.98,75.99,7.18,3624
36081053200,"Census Tract 532, Queens County, New York",36,081,053200,15.61,60.34,7.72,2184
36081053401,"Census Tract 534.01, Queens County, New York",36,081,053401,18.01,56.22,3.01,2066
36081053501,"Census Tract 535.01, Queens County, New York",36,081,053501,6.39,85.75,8.21,1315
36081053502,"Census Tract 535.02, Queens County, New York",36,081,053502,,,,0
36081053601,"Census Tract 536.01, Queens County, New York",36,081,053601,27.69,32.99,15.06,2297
36081053800,"Census Tract 538, Queens County, New York",36,081,053800,13.48,62.01,11.69,1728
36081053901,"Census Tract 539.01, Queens County, New York",36,081,053901,10.5,77.56,6.97,4285
36081053902,"Census Tract 539.02, Queens County, New York",36,081,053902,0.0,100.0,0.0,169
36081054000,"Census Tract 540, Queens County, New York",36,081,054000,14.08,64.53,16.2,4106
36081054200,"Census Tract 542, Queens County, New York",36,081,054200,23.12,49.82,8.3,5354
36081054500,"Census Tract 545, Queens County, New York",36,081,054500,7.57,76.88,14.85,3670
36081054700,"Census Tract 547, Queens County, New York",36,081,054700,9.82,75.25,9.7,4595
36081054800,"Census Tract 548, Queens County, New York",36,081,054800,15.95,53.08,7.2,2458
36081054900,"Census Tract 549, Queens County, New York",36,081,054900,6.54,80.59,11.28,6285
36081055100,"Census Tract 551, Queens County, New York",36,081,055100,8.03,84.62,12.51,4286
36081055200,"Census Tract 552, Queens County, New York",36,081,055200,17.05,61.56,6.6,2904
36081055300,"Census Tract 553, Queens County, New York",36,081,055300,5.73,86.52,14.51,2791
36081055400,"Census Tract 554, Queens County, New York",36,081,055400,13.58,65.08,8.98,2674
36081055500,"Census Tract 555, Queens County, New York",36,081,055500,6.61,85.42,13.51,2374
36081050800,"Census Tract 508, Queens County, New York",36,081,050800,18.77,62.65,12.35,1961
36081055600,"Census Tract 556, Queens County, New York",36,081,055600,20.09,56.24,7.19,2275
36081055700,"Census Tract 557, Queens County, New York",36,081,055700,3.7,91.51,9.71,4109
36081055800,"Census Tract 558, Queens County, New York",36,081,055800,22.88,44.8,11.56,1687
36081055900,"Census Tract 559, Queens County, New York",36,081,055900,11.5,80.57,22.85,1191
36081056000,"Census Tract 560, Queens County, New York",36,081,056000,16.73,64.3,0.47,1704
36081056100,"Census Tract 561, Queens County, New York",36,081,056100,100.0,0.0,0.0,8
36081056200,"Census Tract 562, Queens County, New York",36,081,056200,29.81,31.13,5.65,1627
36081056400,"Census Tract 564, Queens County, New York",36,081,056400,29.48,48.35,6.98,1089
36081056500,"Census Tract 565, Queens County, New York",36,081,056500,6.79,82.94,7.49,1575
36081056600,"Census Tract 566, Queens County, New York",36,081,056600,33.23,46.01,23.36,1297
36081056700,"Census Tract 567, Queens County, New York",36,081,056700,10.41,72.72,2.63,5406
36081056800,"Census Tract 568, Queens County, New York",36,081,056800,15.54,59.28,2.04,5232
36081057700,"Census Tract 577, Queens County, New York",36,081,057700,14.14,71.54,17.9,3939
36081057900,"Census Tract 579, Queens County, New York",36,081,057900,14.85,67.41,9.35,1690
36081058000,"Census Tract 580, Queens County, New York",36,081,058000,16.13,54.37,6.61,4248
36081058100,"Census Tract 581, Queens County, New York",36,081,058100,13.43,66.7,7.2,3068
36081058200,"Census Tract 582, Queens County, New York",36,081,058200,20.94,49.68,4.22,5034
36081058300,"Census Tract 583, Queens County, New York",36,081,058300,12.68,72.04,2.3,3565
36081058500,"Census Tract 585, Queens County, New York",36,081,058500,5.75,86.32,11.22,4501
36081058700,"Census Tract 587, Queens County, New York",36,081,058700,11.27,74.68,4.64,3468
36081058900,"Census Tract 589, Queens County, New York",36,081,058900,6.7,84.78,21.1,5147
36081059000,"Census Tract 590, Queens County, New York",36,081,059000,21.02,63.0,3.96,1313
36081059100,"Census Tract 591, Queens County, New York",36,081,059100,13.9,70.97,5.91,5367
36081059200,"Census Tract 592, Queens County, New York",36,081,059200,18.35,51.77,8.44,1575
36081059300,"Census Tract 593, Queens County, New York",36,081,059300,13.26,72.51,13.26,3975
36081059400,"Census Tract 594, Queens County, New York",36,081,059400,20.37,46.4,1.23,1787
36081059501,"Census Tract 595.01, Queens County, New York",36,081,059501,10.01,78.38,14.87,2037
36081059502,"Census Tract 595.02, Queens County, New York",36,081,059502,6.96,84.37,20.05,3031
36081059600,"Census Tract 596, Queens County, New York",36,081,059600,36.05,37.6,7.01,1312
36081059800,"Census Tract 598, Queens County, New York",36,081,059800,11.07,71.46,1.95,1807
36081059900,"Census Tract 599, Queens County, New York",36,081,059900,21.2,61.74,19.46,1198
36081060000,"Census Tract 600, Queens County, New York",36,081,060000,21.85,50.28,1.51,1126
36081060100,"Census Tract 601, Queens County, New York",36,081,060100,9.59,78.88,13.87,2336
36081060300,"Census Tract 603, Queens County, New York",36,081,060300,8.37,74.62,15.83,2079
36081060600,"Census Tract 606, Queens County, New York",36,081,060600,28.15,39.75,9.67,1158
36081060701,"Census Tract 607.01, Queens County, New York",36,081,060701,0.0,100.0,0.0,14
36081060800,"Census Tract 608, Queens County, New York",36,081,060800,20.15,54.41,4.72,1568
36081061000,"Census Tract 610, Queens County, New York",36,081,061000,17.12,56.98,3.28,1554
36081061200,"Census Tract 612, Queens County, New York",36,081,061200,21.85,34.39,0.24,2078
36081061301,"Census Tract 613.01, Queens County, New York",36,081,061301,11.24,75.26,9.81,5446
36081061302,"Census Tract 613.02, Queens County, New York",36,081,061302,,,,0
36081061400,"Census Tract 614, Queens County, New York",36,081,061400,18.65,53.66,5.73,1432
36081061601,"Census Tract 616.01, Queens County, New York",36,081,061601,21.6,46.58,2.97,2528
36081061602,"Census Tract 616.02, Queens County, New York",36,081,061602,20.82,56.1,3.15,1047
36081061800,"Census Tract 618, Queens County, New York",36,081,061800,16.51,65.96,10.29,1726
36081061900,"Census Tract 619, Queens County, New York",36,081,061900,12.3,68.82,3.8,3398
36081062000,"Census Tract 620, Queens County, New York",36,081,062000,29.73,43.36,6.65,1490
36081062100,"Census Tract 621, Queens County, New York",36,081,062100,14.05,73.41,6.73,2697
36081062200,"Census Tract 622, Queens County, New York",36,081,062200,20.88,47.8,5.94,2131
36081062300,"Census Tract 623, Queens County, New York",36,081,062300,11.3,75.65,11.78,2266
36081062400,"Census Tract 624, Queens County, New York",36,081,062400,,,,0
36081062500,"Census Tract 625, Queens County, New York",36,081,062500,19.04,63.74,7.05,2484
36081062600,"Census Tract 626, Queens County, New York",36,081,062600,16.48,61.0,9.29,2622
36081062700,"Census Tract 627, Queens County, New York",36,081,062700,14.44,70.35,6.4,2861
36081062900,"Census Tract 629, Queens County, New York",36,081,062900,13.37,69.47,2.89,3156
36081063200,"Census Tract 632, Queens County, New York",36,081,063200,19.91,47.96,3.42,2441
36081063301,"Census Tract 633.01, Queens County, New York",36,081,063301,10.2,78.24,6.16,1608
36081063302,"Census Tract 633.02, Queens County, New York",36,081,063302,18.4,61.25,3.25,1527
36081063500,"Census Tract 635, Queens County, New York",36,081,063500,15.79,69.86,20.1,2521
36081063700,"Census Tract 637, Queens County, New York",36,081,063700,21.65,59.83,8.26,3367
36081063800,"Census Tract 638, Queens County, New York",36,081,063800,19.27,54.92,4.97,3358
36081063900,"Census Tract 639, Queens County, New York",36,081,063900,13.5,66.41,6.48,2978
36081064101,"Census Tract 641.01, Queens County, New York",36,081,064101,22.29,61.86,5.99,2288
36081064102,"Census Tract 641.02, Queens County, New York",36,081,064102,,,,0
36081064500,"Census Tract 645, Queens County, New York",36,081,064500,17.11,65.26,25.45,1876
36081064600,"Census Tract 646, Queens County, New York",36,081,064600,20.09,55.06,3.79,3156
36081065000,"Census Tract 650, Queens County, New York",36,081,065000,17.71,59.69,6.67,2801
36081065401,"Census Tract 654.01, Queens County, New York",36,081,065401,10.89,70.23,3.74,3728
36081065402,"Census Tract 654.02, Queens County, New York",36,081,065402,0.0,100.0,0.0,27
36081065501,"Census Tract 655.01, Queens County, New York",36,081,065501,,,,0
36081065600,"Census Tract 656, Queens County, New York",36,081,065600,16.24,54.61,6.27,4896
36081065702,"Census Tract 657.02, Queens County, New York",36,081,065702,16.7,70.66,10.06,1491
36081065703,"Census Tract 657.03, Queens County, New York",36,081,065703,34.27,50.98,3.68,3020
36081065900,"Census Tract 659, Queens County, New York",36,081,065900,18.08,61.52,1.75,1941
36081066000,"Census Tract 660, Queens County, New York",36,081,066000,14.02,70.34,5.32,3403
36081066100,"Census Tract 661, Queens County, New York",36,081,066100,26.01,53.1,1.53,1638
36081066301,"Census Tract 663.01, Queens County, New York",36,081,066301,26.07,48.29,1.34,2842
36081066302,"Census Tract 663.02, Queens County, New York",36,081,066302,,,,0
36081066401,"Census Tract 664.01, Queens County, New York",36,081,066401,18.21,61.9,3.81,1444
36081066402,"Census Tract 664.02, Queens County, New York",36,081,066402,8.6,84.46,6.67,2941
36081066403,"Census Tract 664.03, Queens County, New York",36,081,066403,10.51,68.68,17.77,5708
36081066404,"Census Tract 664.04, Queens County, New York",36,081,066404,,,,0
36081066501,"Census Tract 665.01, Queens County, New York",36,081,066501,24.14,49.06,6.28,3948
36081066701,"Census Tract 667.01, Queens County, New York",36,081,066701,16.08,71.83,8.7,3047
36081066900,"Census Tract 669, Queens County, New York",36,081,066900,14.46,70.36,2.13,1687
36081067100,"Census Tract 671, Queens County, New York",36,081,067100,21.03,54.68,3.61,2516
36081067700,"Census Tract 677, Queens County, New York",36,081,067700,24.34,59.26,2.97,1820
36081067900,"Census Tract 679, Queens County, New York",36,081,067900,19.88,74.13,10.89,4325
36081068000,"Census Tract 680, Queens County, New York",36,081,068000,15.41,64.86,5.33,5212
36081068200,"Census Tract 682, Queens County, New York",36,081,068200,19.3,54.93,5.86,974
36081068300,"Census Tract 683, Queens County, New York",36,081,068300,26.08,58.14,12.2,3992
36081063000,"Census Tract 630, Queens County, New York",36,081,063000,18.7,57.14,2.57,1476
36081068700,"Census Tract 687, Queens County, New York",36,081,068700,23.41,61.49,8.37,4002
36081069000,"Census Tract 690, Queens County, New York",36,081,069000,15.27,53.07,4.5,3746
36081069300,"Census Tract 693, Queens County, New York",36,081,069300,14.55,72.61,8.03,2791
36081069400,"Census Tract 694, Queens County, New York",36,081,069400,16.95,66.76,11.88,3352
36081069500,"Census Tract 695, Queens County, New York",36,081,069500,19.8,59.79,13.0,2247
36081069701,"Census Tract 697.01, Queens County, New York",36,081,069701,16.11,72.08,13.22,4071
36081069702,"Census Tract 697.02, Queens County, New York",36,081,069702,21.97,58.69,8.85,3637
36081070300,"Census Tract 703, Queens County, New York",36,081,070300,24.57,60.75,5.54,2129
36081070700,"Census Tract 707, Queens County, New York",36,081,070700,26.04,56.13,3.44,2535
36081070900,"Census Tract 709, Queens County, New York",36,081,070900,15.64,74.79,4.98,2992
36081071100,"Census Tract 711, Queens County, New York",36,081,071100,21.91,66.93,4.4,6162
36081071303,"Census Tract 713.03, Queens County, New York",36,081,071303,14.79,71.45,8.25,5396
36081071304,"Census Tract 713.04, Queens County, New York",36,081,071304,21.89,66.69,14.24,5743
36081071305,"Census Tract 713.05, Queens County, New York",36,081,071305,12.95,78.79,4.72,5195
36081071306,"Census Tract 713.06, Queens County, New York",36,081,071306,12.64,73.47,4.99,6678
36081071600,"Census Tract 716, Queens County, New York",36,081,071600,,,,0
36081071701,"Census Tract 717.01, Queens County, New York",36,081,071701,21.78,65.35,16.43,4844
36081071702,"Census Tract 717.02, Queens County, New York",36,081,071702,19.84,64.47,15.17,4022
36081071900,"Census Tract 719, Queens County, New York",36,081,071900,19.21,63.48,14.42,2525
36081072100,"Census Tract 721, Queens County, New York",36,081,072100,24.09,55.94,16.07,4475
36081072300,"Census Tract 723, Queens County, New York",36,081,072300,24.67,55.6,7.98,2043
36081072900,"Census Tract 729, Queens County, New York",36,081,072900,19.16,62.42,1.35,1341
36081073100,"Census Tract 731, Queens County, New York",36,081,073100,20.39,63.02,1.89,1535
36081073700,"Census Tract 737, Queens County, New York",36,081,073700,25.83,67.02,5.8,2052
36081073900,"Census Tract 739, Queens County, New York",36,081,073900,22.01,70.23,5.08,5530
36081074100,"Census Tract 741, Queens County, New York",36,081,074100,25.42,61.8,7.87,3057
36081074300,"Census Tract 743, Queens County, New York",36,081,074300,18.55,69.83,8.67,4081
36081074500,"Census Tract 745, Queens County, New York",36,081,074500,20.54,56.57,16.25,4104
36081074700,"Census Tract 747, Queens County, New York",36,081,074700,17.57,68.34,5.83,3363
36081074900,"Census Tract 749, Queens County, New York",36,081,074900,17.85,66.73,3.26,1440
36081075701,"Census Tract 757.01, Queens County, New York",36,081,075701,21.11,67.01,4.81,4695
36081075702,"Census Tract 757.02, Queens County, New York",36,081,075702,21.24,63.32,9.73,5409
36081076901,"Census Tract 769.01, Queens County, New York",36,081,076901,15.05,73.78,4.8,4081
36081076902,"Census Tract 769.02, Queens County, New York",36,081,076902,13.73,78.14,7.08,1158
36081077300,"Census Tract 773, Queens County, New York",36,081,077300,22.94,64.36,6.0,2049
36081077500,"Census Tract 775, Queens County, New York",36,081,077500,21.78,66.26,7.73,2213
36081077902,"Census Tract 779.02, Queens County, New York",36,081,077902,14.96,63.27,10.95,4640
36081077903,"Census Tract 779.03, Queens County, New York",36,081,077903,14.44,70.96,9.22,3234
36081077904,"Census Tract 779.04, Queens County, New York",36,081,077904,13.52,70.18,3.79,5783
36081077905,"Census Tract 779.05, Queens County, New York",36,081,077905,24.05,53.27,5.12,2873
36081077906,"Census Tract 779.06, Queens County, New York",36,081,077906,17.97,69.13,5.67,3562
36081077907,"Census Tract 779.07, Queens County, New York",36,081,077907,12.95,73.42,33.45,3761
36081077908,"Census Tract 779.08, Queens County, New York",36,081,077908,7.61,84.12,25.24,3048
36081078800,"Census Tract 788, Queens County, New York",36,081,078800,16.49,55.36,2.95,1935
36081079000,"Census Tract 790, Queens County, New York",36,081,079000,10.96,75.34,3.92,2527
36081079200,"Census Tract 792, Queens County, New York",36,081,079200,14.35,57.07,12.84,2488
36081079300,"Census Tract 793, Queens County, New York",36,081,079300,,,,0
36081079701,"Census Tract 797.01, Queens County, New York",36,081,079701,24.01,54.26,27.06,6669
36081079702,"Census Tract 797.02, Queens County, New York",36,081,079702,15.61,66.86,27.1,4259
36081079900,"Census Tract 799, Queens County, New York",36,081,079900,12.53,72.82,32.77,3215
36081080301,"Census Tract 803.01, Queens County, New York",36,081,080301,11.23,70.35,7.07,3804
36081080302,"Census Tract 803.02, Queens County, New York",36,081,080302,30.33,46.15,7.82,3323
36081080900,"Census Tract 809, Queens County, New York",36,081,080900,20.73,63.57,13.57,7018
36081081400,"Census Tract 814, Queens County, New York",36,081,081400,8.11,73.49,13.52,4488
36081081800,"Census Tract 818, Queens County, New York",36,081,081800,15.38,54.99,8.42,4084
36081083700,"Census Tract 837, Queens County, New York",36,081,083700,18.23,62.47,8.65,5398
36081083800,"Census Tract 838, Queens County, New York",36,081,083800,11.13,72.5,3.14,4994
36081084000,"Census Tract 840, Queens County, New York",36,081,084000,16.48,59.65,8.53,6148
36081084500,"Census Tract 845, Queens County, New York",36,081,084500,28.34,45.7,26.23,5010
36081084601,"Census Tract 846.01, Queens County, New York",36,081,084601,9.42,76.27,7.01,2941
36081084602,"Census Tract 846.02, Queens County, New York",36,081,084602,9.07,76.0,19.88,992
36081084901,"Census Tract 849.01, Queens County, New York",36,081,084901,6.51,84.39,36.32,2855
36081084902,"Census Tract 849.02, Queens County, New York",36,081,084902,26.47,58.54,38.37,4394
36081085300,"Census Tract 853, Queens County, New York",36,081,085300,17.52,65.69,20.27,5634
36081085500,"Census Tract 855, Queens County, New York",36,081,085500,20.13,64.3,13.94,6856
36081085700,"Census Tract 857, Queens County, New York",36,081,085700,21.03,65.69,19.94,5074
36081085900,"Census Tract 859, Queens County, New York",36,081,085900,17.6,68.03,18.12,5363
36081086100,"Census Tract 861, Queens County, New York",36,081,086100,30.65,48.37,23.02,2121
36081086300,"Census Tract 863, Queens County, New York",36,081,086300,17.1,67.59,22.39,6707
36081086400,"Census Tract 864, Queens County, New York",36,081,086400,10.63,71.84,17.71,2671
36081086500,"Census Tract 865, Queens County, New York",36,081,086500,25.32,55.82,20.19,4270
36081086900,"Census Tract 869, Queens County, New York",36,081,086900,15.0,66.86,13.75,1640
36081087100,"Census Tract 871, Queens County, New York",36,081,087100,20.23,63.75,24.03,2842
36081088400,"Census Tract 884, Queens County, New York",36,081,088400,22.13,50.2,7.7,8442
36081088902,"Census Tract 889.02, Queens County, New York",36,081,088902,17.36,69.4,14.62,5184
36081088903,"Census Tract 889.03, Queens County, New York",36,081,088903,14.83,74.76,13.51,4836
36081089201,"Census Tract 892.01, Queens County, New York",36,081,089201,25.2,52.46,6.51,7789
36081089202,"Census Tract 892.02, Queens County, New York",36,081,089202,,,,0
36081090700,"Census Tract 907, Queens County, New York",36,081,090700,26.38,58.28,18.93,1391
36081091602,"Census Tract 916.02, Queens County, New York",36,081,091602,,,,0
36081091603,"Census Tract 916.03, Queens County, New York",36,081,091603,22.43,56.29,4.08,3527
36081091604,"Census Tract 916.04, Queens County, New York",36,081,091604,,,,0
36081091800,"Census Tract 918, Queens County, New York",36,081,091800,58.33,0.0,0.0,12
36081091900,"Census Tract 919, Queens County, New York",36,081,091900,26.8,53.67,11.71,5444
36081092200,"Census Tract 922, Queens County, New York",36,081,092200,23.26,61.36,2.66,1995
36081092500,"Census Tract 925, Queens County, New York",36,081,092500,14.92,66.94,19.38,3211
36081092800,"Census Tract 928, Queens County, New York",36,081,092800,16.48,65.86,2.57,3731
36081092900,"Census Tract 929, Queens County, New York",36,081,092900,13.29,71.47,3.78,6996
36081093401,"Census Tract 934.01, Queens County, New York",36,081,093401,16.75,73.41,7.63,3851
36081093402,"Census Tract 934.02, Queens County, New York",36,081,093402,16.61,71.93,10.15,4269
36081093800,"Census Tract 938, Queens County, New York",36,081,093800,24.96,67.74,20.9,5176
36081093900,"Census Tract 939, Queens County, New York",36,081,093900,10.79,72.77,7.21,5885
36081094201,"Census Tract 942.01, Queens County, New York",36,081,094201,8.6,85.66,11.9,2988
36081094202,"Census Tract 942.02, Queens County, New York",36,081,094202,10.37,75.78,23.31,5479
36081094203,"Census Tract 942.03, Queens County, New York",36,081,094203,24.45,51.58,12.27,6295
36081094500,"Census Tract 945, Queens County, New York",36,081,094500,20.94,58.53,6.49,3654
36081094700,"Census Tract 947, Queens County, New York",36,081,094700,11.65,75.11,12.08,2095
36081095400,"Census Tract 954, Queens County, New York",36,081,095400,9.42,79.55,15.24,6255
36081096400,"Census Tract 964, Queens County, New York",36,081,096400,14.73,75.22,11.19,6877
36081097202,"Census Tract 972.02, Queens County, New York",36,081,097202,6.28,82.68,46.21,3282
36081097204,"Census Tract 972.04, Queens County, New York",36,081,097204,21.95,75.35,8.68,3972
36061000100,"Census Tract 1, New York County, New York",36,061,000100,,,,0
36061000201,"Census Tract 2.01, New York County, New York",36,061,000201,12.5,74.88,50.04,2761
36061000202,"Census Tract 2.02, New York County, New York",36,061,000202,20.69,66.01,29.45,6908
36061000500,"Census Tract 5, New York County, New York",36,061,000500,,,,0
36061000600,"Census Tract 6, New York County, New York",36,061,000600,33.52,47.43,37.89,10628
36061000700,"Census Tract 7, New York County, New York",36,061,000700,2.26,97.0,7.05,8500
36061000800,"Census Tract 8, New York County, New York",36,061,000800,27.21,61.09,27.37,9292
36061000900,"Census Tract 9, New York County, New York",36,061,000900,2.92,95.13,7.79,1886
36061001001,"Census Tract 10.01, New York County, New York",36,061,001001,24.43,61.27,1.46,1437
36061001002,"Census Tract 10.02, New York County, New York",36,061,001002,20.86,63.02,40.69,5077
36081097205,"Census Tract 972.05, Queens County, New York",36,081,097205,10.64,71.43,39.57,3523
36081097206,"Census Tract 972.06, Queens County, New York",36,081,097206,6.12,84.26,36.38,3334
36081097207,"Census Tract 972.07, Queens County, New York",36,081,097207,,,,0
36081097300,"Census Tract 973, Queens County, New York",36,081,097300,27.12,45.96,2.06,1947
36081098100,"Census Tract 981, Queens County, New York",36,081,098100,21.34,56.93,6.07,2217
36081098700,"Census Tract 987, Queens County, New York",36,081,098700,18.17,64.45,5.8,2498
36081099100,"Census Tract 991, Queens County, New York",36,081,099100,31.32,49.48,4.14,7252
36081099200,"Census Tract 992, Queens County, New York",36,081,099200,8.74,83.17,27.38,4349
36081099701,"Census Tract 997.01, Queens County, New York",36,081,099701,24.21,56.0,6.4,2734
36081099703,"Census Tract 997.03, Queens County, New York",36,081,099703,34.9,48.82,2.92,3481
36081099704,"Census Tract 997.04, Queens County, New York",36,081,099704,33.65,46.72,6.34,6915
36081099705,"Census Tract 997.05, Queens County, New York",36,081,099705,17.27,61.66,2.9,2791
36081099801,"Census Tract 998.01, Queens County, New York",36,081,099801,13.49,77.26,3.94,8631
36081099802,"Census Tract 998.02, Queens County, New York",36,081,099802,22.9,54.12,26.61,6104
36081099900,"Census Tract 999, Queens County, New York",36,081,099900,,,,0
36081100801,"Census Tract 1008.01, Queens County, New York",36,081,100801,14.84,56.95,5.13,2708
36081100803,"Census Tract 1008.03, Queens County, New York",36,081,100803,12.36,69.19,30.33,3640
36081100804,"Census Tract 1008.04, Queens County, New York",36,081,100804,10.45,70.41,6.65,4843
36081101002,"Census Tract 1010.02, Queens County, New York",36,081,101002,17.1,65.36,22.8,4860
36081101003,"Census Tract 1010.03, Queens County, New York",36,081,101003,11.5,83.39,10.7,4393
36081101004,"Census Tract 1010.04, Queens County, New York",36,081,101004,20.6,62.24,18.1,7611
36081101700,"Census Tract 1017, Queens County, New York",36,081,101700,20.97,57.43,5.17,6191
36081102900,"Census Tract 1029, Queens County, New York",36,081,102900,24.23,67.45,1.61,3636
36081103201,"Census Tract 1032.01, Queens County, New York",36,081,103201,6.57,79.98,30.88,5981
36081103202,"Census Tract 1032.02, Queens County, New York",36,081,103202,10.81,67.77,15.31,8592
36081103300,"Census Tract 1033, Queens County, New York",36,081,103300,21.16,56.57,6.55,4736
36081103900,"Census Tract 1039, Queens County, New York",36,081,103900,21.91,56.19,12.25,6067
36081104700,"Census Tract 1047, Queens County, New York",36,081,104700,17.08,66.64,6.41,6738
36081105900,"Census Tract 1059, Queens County, New York",36,081,105900,20.91,54.07,6.17,3845
36081107201,"Census Tract 1072.01, Queens County, New York",36,081,107201,17.37,69.0,10.82,2257
36081107202,"Census Tract 1072.02, Queens County, New York",36,081,107202,,,,0
36081108500,"Census Tract 1085, Queens County, New York",36,081,108500,21.44,58.73,6.02,2467
36081109300,"Census Tract 1093, Queens County, New York",36,081,109300,22.7,52.25,9.66,2789
36081109700,"Census Tract 1097, Queens County, New York",36,081,109700,21.42,58.1,2.23,1676
36081109900,"Census Tract 1099, Queens County, New York",36,081,109900,23.41,59.54,10.24,3153
36081111300,"Census Tract 1113, Queens County, New York",36,081,111300,22.13,50.38,9.54,2634
36081112300,"Census Tract 1123, Queens County, New York",36,081,112300,10.17,76.01,7.24,2085
36081112900,"Census Tract 1129, Queens County, New York",36,081,112900,19.48,56.23,2.45,2120
36081113300,"Census Tract 1133, Queens County, New York",36,081,113300,19.69,67.04,4.61,1498
36081113900,"Census Tract 1139, Queens County, New York",36,081,113900,19.0,67.84,10.39,3589
36081114100,"Census Tract 1141, Queens County, New York",36,081,114100,22.5,56.01,4.24,2373
36081114700,"Census Tract 1147, Queens County, New York",36,081,114700,20.15,57.07,6.1,1836
36081115100,"Census Tract 1151, Queens County, New York",36,081,115100,34.75,38.25,2.73,849
36081115500,"Census Tract 1155, Queens County, New York",36,081,115500,14.79,66.71,12.72,2366
36081115700,"Census Tract 1157, Queens County, New York",36,081,115700,21.38,62.28,15.96,3007
36081115900,"Census Tract 1159, Queens County, New York",36,081,115900,17.06,69.28,23.46,4063
36061001200,"Census Tract 12, New York County, New York",36,061,001200,29.85,57.6,24.82,4258
36061001300,"Census Tract 13, New York County, New York",36,061,001300,1.71,97.48,4.52,4690
36061001401,"Census Tract 14.01, New York County, New York",36,061,001401,31.01,61.82,7.85,2999
36061001402,"Census Tract 14.02, New York County, New York",36,061,001402,26.29,61.99,24.95,2693
36061001501,"Census Tract 15.01, New York County, New York",36,061,001501,22.12,66.77,8.9,8021
36061001502,"Census Tract 15.02, New York County, New York",36,061,001502,3.76,94.32,10.42,7929
36061001600,"Census Tract 16, New York County, New York",36,061,001600,20.68,68.26,15.63,7504
36061001800,"Census Tract 18, New York County, New York",36,061,001800,25.53,67.27,23.54,7101
36061002000,"Census Tract 20, New York County, New York",36,061,002000,15.13,67.57,45.25,4606
36061002100,"Census Tract 21, New York County, New York",36,061,002100,5.98,89.2,1.16,6868
36061002201,"Census Tract 22.01, New York County, New York",36,061,002201,19.35,70.25,32.93,6372
36061002202,"Census Tract 22.02, New York County, New York",36,061,002202,10.41,87.73,21.86,2123
36061002400,"Census Tract 24, New York County, New York",36,061,002400,17.14,70.45,60.39,4171
36061002500,"Census Tract 25, New York County, New York",36,061,002500,25.3,51.18,47.89,5483
36061002601,"Census Tract 26.01, New York County, New York",36,061,002601,8.35,86.59,29.57,3977
36061002602,"Census Tract 26.02, New York County, New York",36,061,002602,10.71,82.97,16.81,3633
36061002700,"Census Tract 27, New York County, New York",36,061,002700,22.65,68.24,20.75,1417
36061002800,"Census Tract 28, New York County, New York",36,061,002800,19.78,68.73,17.78,6404
36061002901,"Census Tract 29.01, New York County, New York",36,061,002901,9.14,0.0,53.42,1564
36061002902,"Census Tract 29.02, New York County, New York",36,061,002902,26.62,60.95,32.45,4151
36061003001,"Census Tract 30.01, New York County, New York",36,061,003001,5.61,93.18,21.14,3727
36061003002,"Census Tract 30.02, New York County, New York",36,061,003002,19.02,70.32,19.12,2929
36061003100,"Census Tract 31, New York County, New York",36,061,003100,6.69,82.97,10.66,2616
36061003200,"Census Tract 32, New York County, New York",36,061,003200,18.76,72.45,16.49,7873
36061003300,"Census Tract 33, New York County, New York",36,061,003300,8.9,86.23,0.96,5841
36061003400,"Census Tract 34, New York County, New York",36,061,003400,9.66,84.11,31.47,6648
36061003601,"Census Tract 36.01, New York County, New York",36,061,003601,21.24,66.01,17.81,2909
36061003602,"Census Tract 36.02, New York County, New York",36,061,003602,9.88,82.25,23.89,3300
36061003700,"Census Tract 37, New York County, New York",36,061,003700,20.68,74.51,4.55,2746
36061003800,"Census Tract 38, New York County, New York",36,061,003800,15.05,78.62,12.19,8886
36061003900,"Census Tract 39, New York County, New York",36,061,003900,20.56,67.46,3.02,7132
36061004001,"Census Tract 40.01, New York County, New York",36,061,004001,12.61,81.47,6.89,3599
36061004002,"Census Tract 40.02, New York County, New York",36,061,004002,5.66,86.51,16.34,5615
36061004100,"Census Tract 41, New York County, New York",36,061,004100,19.57,66.11,15.5,7526
36061004200,"Census Tract 42, New York County, New York",36,061,004200,6.33,81.04,11.45,5311
36061004300,"Census Tract 43, New York County, New York",36,061,004300,17.51,77.72,15.93,3684
36061004400,"Census Tract 44, New York County, New York",36,061,004400,14.49,75.09,14.33,16600
36061004500,"Census Tract 45, New York County, New York",36,061,004500,18.27,69.83,8.17,1040
36061004700,"Census Tract 47, New York County, New York",36,061,004700,20.43,75.31,5.12,2423
36061004800,"Census Tract 48, New York County, New York",36,061,004800,11.59,79.37,6.62,6351
36061004900,"Census Tract 49, New York County, New York",36,061,004900,16.16,79.2,9.56,4512
36061005000,"Census Tract 50, New York County, New York",36,061,005000,12.42,81.31,4.45,5072
36061005200,"Census Tract 52, New York County, New York",36,061,005200,14.62,75.36,4.8,3202
36061005400,"Census Tract 54, New York County, New York",36,061,005400,17.37,76.74,6.05,4628
36061005501,"Census Tract 55.01, New York County, New York",36,061,005501,13.9,73.92,8.35,4734
36061005502,"Census Tract 55.02, New York County, New York",36,061,005502,10.75,86.74,12.47,1796
36081116100,"Census Tract 1161, Queens County, New York",36,081,116100,27.02,65.36,27.67,4197
36081116301,"Census Tract 1163.01, Queens County, New York",36,081,116301,25.75,65.78,33.01,4630
36081116302,"Census Tract 1163.02, Queens County, New York",36,081,116302,25.38,52.62,32.02,4200
36081116700,"Census Tract 1167, Queens County, New York",36,081,116700,9.82,81.2,29.96,1894
36081117100,"Census Tract 1171, Queens County, New York",36,081,117100,14.42,74.07,13.3,2309
36081117500,"Census Tract 1175, Queens County, New York",36,081,117500,16.8,66.7,8.4,4709
36081118100,"Census Tract 1181, Queens County, New York",36,081,118100,14.22,71.57,20.47,1632
36081118500,"Census Tract 1185, Queens County, New York",36,081,118500,14.09,72.86,14.14,1916
36081118700,"Census Tract 1187, Queens County, New York",36,081,118700,22.13,59.07,11.13,2354
36081118900,"Census Tract 1189, Queens County, New York",36,081,118900,18.04,66.8,11.75,1957
36081119100,"Census Tract 1191, Queens County, New York",36,081,119100,11.07,80.17,14.16,2827
36081119300,"Census Tract 1193, Queens County, New York",36,081,119300,19.93,64.25,12.39,2107
36081119500,"Census Tract 1195, Queens County, New York",36,081,119500,12.8,73.89,7.97,1305
36081119900,"Census Tract 1199, Queens County, New York",36,081,119900,20.78,50.77,8.99,1482
36081120100,"Census Tract 1201, Queens County, New York",36,081,120100,12.75,60.64,13.48,1506
36081120300,"Census Tract 1203, Queens County, New York",36,081,120300,20.38,58.78,13.54,1433
36081120500,"Census Tract 1205, Queens County, New York",36,081,120500,30.5,34.88,34.5,2587
36081120701,"Census Tract 1207.01, Queens County, New York",36,081,120701,20.71,59.5,3.68,3109
36081120702,"Census Tract 1207.02, Queens County, New York",36,081,120702,,,,0
36081121100,"Census Tract 1211, Queens County, New York",36,081,121100,,,,0
36081121500,"Census Tract 1215, Queens County, New York",36,081,121500,16.61,65.68,15.41,4456
36081122300,"Census Tract 1223, Queens County, New York",36,081,122300,21.64,60.69,5.72,3512
36081122702,"Census Tract 1227.02, Queens County, New York",36,081,122702,22.91,61.79,33.94,6509
36081122703,"Census Tract 1227.03, Queens County, New York",36,081,122703,13.15,73.65,4.8,6523
36081122704,"Census Tract 1227.04, Queens County, New York",36,081,122704,15.34,67.0,4.77,4929
36081124100,"Census Tract 1241, Queens County, New York",36,081,124100,19.13,59.9,9.78,4094
36081124700,"Census Tract 1247, Queens County, New York",36,081,124700,18.27,60.87,12.01,3498
36081125700,"Census Tract 1257, Queens County, New York",36,081,125700,13.89,72.18,14.62,3290
36081126500,"Census Tract 1265, Queens County, New York",36,081,126500,19.11,55.49,12.7,1701
36081126700,"Census Tract 1267, Queens County, New York",36,081,126700,8.65,64.71,32.46,4738
36081127700,"Census Tract 1277, Queens County, New York",36,081,127700,20.08,60.5,0.89,3162
36081128300,"Census Tract 1283, Queens County, New York",36,081,128300,,,,0
36081129102,"Census Tract 1291.02, Queens County, New York",36,081,129102,20.95,63.24,1.39,3957
36081129103,"Census Tract 1291.03, Queens County, New York",36,081,129103,17.29,70.6,7.43,4094
36081129104,"Census Tract 1291.04, Queens County, New York",36,081,129104,18.8,67.15,3.92,4112
36081130100,"Census Tract 1301, Queens County, New York",36,081,130100,33.03,45.98,2.09,3963
36081133300,"Census Tract 1333, Queens County, New York",36,081,133300,18.32,56.0,7.56,3876
36081133900,"Census Tract 1339, Queens County, New York",36,081,133900,26.45,49.14,10.24,1289
36081134100,"Census Tract 1341, Queens County, New York",36,081,134100,21.2,60.83,10.42,3570
36081134701,"Census Tract 1347.01, Queens County, New York",36,081,134701,16.84,68.32,15.6,5302
36081134702,"Census Tract 1347.02, Queens County, New York",36,081,134702,10.81,76.2,10.37,4904
36081136700,"Census Tract 1367, Queens County, New York",36,081,136700,23.38,56.27,8.78,6068
36081137700,"Census Tract 1377, Queens County, New York",36,081,137700,18.87,62.92,8.07,7325
36081138501,"Census Tract 1385.01, Queens County, New York",36,081,138501,15.17,64.35,7.19,4305
36081138502,"Census Tract 1385.02, Queens County, New York",36,081,138502,42.22,,13.33,90
36081139900,"Census Tract 1399, Queens County, New York",36,081,139900,19.97,55.3,4.56,1587
36061005600,"Census Tract 56, New York County, New York",36,061,005600,17.36,71.62,18.18,4043
36061005700,"Census Tract 57, New York County, New York",36,061,005700,18.01,73.0,2.57,2887
36061005800,"Census Tract 58, New York County, New York",36,061,005800,8.45,88.01,11.67,4226
36061005900,"Census Tract 59, New York County, New York",36,061,005900,19.96,70.13,3.94,5571
36061006000,"Census Tract 60, New York County, New York",36,061,006000,20.26,64.1,1.88,5849
36061006100,"Census Tract 61, New York County, New York",36,061,006100,12.67,78.4,3.08,4647
36061006200,"Census Tract 62, New York County, New York",36,061,006200,14.08,73.88,22.98,4355
36061006300,"Census Tract 63, New York County, New York",36,061,006300,22.55,70.12,5.8,6318
36061006400,"Census Tract 64, New York County, New York",36,061,006400,15.14,77.42,14.26,7425
36061006500,"Census Tract 65, New York County, New York",36,061,006500,13.3,79.49,7.08,6112
36061006600,"Census Tract 66, New York County, New York",36,061,006600,26.42,62.35,10.23,11916
36061006700,"Census Tract 67, New York County, New York",36,061,006700,14.71,81.27,3.26,5165
36061006800,"Census Tract 68, New York County, New York",36,061,006800,10.16,80.85,11.01,7744
36061006900,"Census Tract 69, New York County, New York",36,061,006900,12.9,78.76,5.65,2341
36061007001,"Census Tract 70.01, New York County, New York",36,061,007001,23.35,63.42,7.77,4035
36061007002,"Census Tract 70.02, New York County, New York",36,061,007002,8.76,86.65,7.59,3779
36061007100,"Census Tract 71, New York County, New York",36,061,007100,12.55,80.27,7.03,5337
36061007200,"Census Tract 72, New York County, New York",36,061,007200,9.33,85.91,4.96,7534
36061007300,"Census Tract 73, New York County, New York",36,061,007300,12.47,82.28,6.84,5807
36061007400,"Census Tract 74, New York County, New York",36,061,007400,9.6,83.41,5.35,4448
36061007500,"Census Tract 75, New York County, New York",36,061,007500,23.91,67.93,5.19,3467
36061007600,"Census Tract 76, New York County, New York",36,061,007600,8.7,88.64,11.73,2115
36061007700,"Census Tract 77, New York County, New York",36,061,007700,15.55,77.37,7.43,5640
36061007800,"Census Tract 78, New York County, New York",36,061,007800,11.82,79.51,5.57,9810
36061007900,"Census Tract 79, New York County, New York",36,061,007900,20.92,69.66,10.78,4370
36061008000,"Census Tract 80, New York County, New York",36,061,008000,21.58,70.59,3.83,4722
36061008100,"Census Tract 81, New York County, New York",36,061,008100,16.11,75.69,5.21,7302
36061008200,"Census Tract 82, New York County, New York",36,061,008200,11.78,81.28,5.64,3140
36061008300,"Census Tract 83, New York County, New York",36,061,008300,16.33,74.58,22.13,3742
36061008400,"Census Tract 84, New York County, New York",36,061,008400,16.99,76.43,11.88,1524
36061008601,"Census Tract 86.01, New York County, New York",36,061,008601,8.87,84.97,12.69,2899
36061008602,"Census Tract 86.02, New York County, New York",36,061,008602,,,,0
36061008603,"Census Tract 86.03, New York County, New York",36,061,008603,42.73,45.88,2.64,4554
36061008700,"Census Tract 87, New York County, New York",36,061,008700,8.65,87.52,10.45,6347
36061008800,"Census Tract 88, New York County, New York",36,061,008800,19.97,72.04,2.44,7548
36061008900,"Census Tract 89, New York County, New York",36,061,008900,15.75,75.95,10.73,5599
36061009000,"Census Tract 90, New York County, New York",36,061,009000,19.98,72.3,11.59,7767
36061009100,"Census Tract 91, New York County, New York",36,061,009100,8.02,87.97,14.79,6046
36061009200,"Census Tract 92, New York County, New York",36,061,009200,21.9,73.35,2.89,1539
36061009300,"Census Tract 93, New York County, New York",36,061,009300,21.03,71.06,9.28,9934
36061009400,"Census Tract 94, New York County, New York",36,061,009400,6.25,91.84,0.0,64
36061009500,"Census Tract 95, New York County, New York",36,061,009500,9.95,78.66,6.58,2985
36061009600,"Census Tract 96, New York County, New York",36,061,009600,15.68,79.43,0.0,185
36061009700,"Census Tract 97, New York County, New York",36,061,009700,34.72,53.95,14.32,4490
36061009800,"Census Tract 98, New York County, New York",36,061,009800,18.1,77.52,11.78,7099
36061009901,"Census Tract 99.01, New York County, New York",36,061,009901,1.19,97.83,6.28,1928
36081000101,"Census Tract 1.01, Queens County, New York",36,081,000101,5.97,89.79,1.75,4809
36081000102,"Census Tract 1.02, Queens County, New York",36,081,000102,1.72,96.55,1.56,5117
36081000103,"Census Tract 1.03, Queens County, New York",36,081,000103,,,,0
36081140901,"Census Tract 1409.01, Queens County, New York",36,081,140901,19.71,62.22,2.79,1086
36081140902,"Census Tract 1409.02, Queens County, New York",36,081,140902,23.75,56.67,8.13,2644
36081141700,"Census Tract 1417, Queens County, New York",36,081,141700,23.02,54.3,18.55,4852
36081142900,"Census Tract 1429, Queens County, New York",36,081,142900,19.12,52.86,2.84,3944
36081143500,"Census Tract 1435, Queens County, New York",36,081,143500,18.81,51.3,2.38,2350
36081144100,"Census Tract 1441, Queens County, New York",36,081,144100,16.4,74.2,10.55,2786
36081144700,"Census Tract 1447, Queens County, New York",36,081,144700,17.58,56.84,15.86,3311
36081145101,"Census Tract 1451.01, Queens County, New York",36,081,145101,22.67,49.32,9.15,1072
36081145102,"Census Tract 1451.02, Queens County, New York",36,081,145102,27.22,55.65,7.04,2671
36081145900,"Census Tract 1459, Queens County, New York",36,081,145900,22.19,60.11,6.83,2754
36081146300,"Census Tract 1463, Queens County, New York",36,081,146300,37.72,46.18,7.05,2847
36081146700,"Census Tract 1467, Queens County, New York",36,081,146700,19.36,71.17,7.15,2614
36081147100,"Census Tract 1471, Queens County, New York",36,081,147100,24.78,54.05,6.98,3394
36081147900,"Census Tract 1479, Queens County, New York",36,081,147900,19.49,67.82,9.96,4208
36081148300,"Census Tract 1483, Queens County, New York",36,081,148300,27.96,53.8,4.35,2976
36081150701,"Census Tract 1507.01, Queens County, New York",36,081,150701,23.47,48.8,1.65,2974
36081150702,"Census Tract 1507.02, Queens County, New York",36,081,150702,33.92,48.15,3.05,3031
36081152901,"Census Tract 1529.01, Queens County, New York",36,081,152901,21.72,62.5,12.0,6198
36081152902,"Census Tract 1529.02, Queens County, New York",36,081,152902,24.67,56.55,4.44,5919
36081155101,"Census Tract 1551.01, Queens County, New York",36,081,155101,93.06,2.61,8.98,2249
36081155103,"Census Tract 1551.03, Queens County, New York",36,081,155103,14.56,68.8,9.23,5165
36081155104,"Census Tract 1551.04, Queens County, New York",36,081,155104,29.59,62.87,10.39,3748
36081156700,"Census Tract 1567, Queens County, New York",36,081,156700,20.74,50.7,28.85,1929
36081157101,"Census Tract 1571.01, Queens County, New York",36,081,157101,26.87,52.79,3.93,8444
36081157102,"Census Tract 1571.02, Queens County, New York",36,081,157102,16.59,57.51,8.29,2080
36081157901,"Census Tract 1579.01, Queens County, New York",36,081,157901,28.69,48.3,11.28,5389
36081157902,"Census Tract 1579.02, Queens County, New York",36,081,157902,22.34,45.96,1.37,4392
36081157903,"Census Tract 1579.03, Queens County, New York",36,081,157903,23.28,50.53,6.31,4055
36081161700,"Census Tract 1617, Queens County, New York",36,081,161700,15.08,70.62,8.85,4610
36081162100,"Census Tract 1621, Queens County, New York",36,081,162100,15.18,68.42,9.95,6397
36081990100,"Census Tract 9901, Queens County, New York",36,081,990100,,,,0
36081140300,"Census Tract 1403, Queens County, New York",36,081,140300,21.49,54.19,4.47,2508
36061009902,"Census Tract 99.02, New York County, New York",36,061,009902,2.27,97.22,2.34,3039
36061009903,"Census Tract 99.03, New York County, New York",36,061,009903,6.38,88.24,9.62,1098
36061010000,"Census Tract 100, New York County, New York",36,061,010000,10.55,85.75,5.48,1735
36061010100,"Census Tract 101, New York County, New York",36,061,010100,4.26,93.88,14.89,1457
36061010200,"Census Tract 102, New York County, New York",36,061,010200,67.5,21.37,15.62,160
36061010300,"Census Tract 103, New York County, New York",36,061,010300,4.57,93.48,11.04,2300
36061010400,"Census Tract 104, New York County, New York",36,061,010400,23.75,69.2,9.4,842
36061010601,"Census Tract 106.01, New York County, New York",36,061,010601,40.62,48.53,3.14,7238
36061010602,"Census Tract 106.02, New York County, New York",36,061,010602,11.41,80.39,2.64,4591
36061010801,"Census Tract 108.01, New York County, New York",36,061,010801,11.64,85.5,2.75,3033
36061010802,"Census Tract 108.02, New York County, New York",36,061,010802,40.31,56.46,3.99,4259
36061010803,"Census Tract 108.03, New York County, New York",36,061,010803,20.1,68.86,2.35,2000
36061010900,"Census Tract 109, New York County, New York",36,061,010900,1.93,96.55,20.77,207
36061011000,"Census Tract 110, New York County, New York",36,061,011000,13.7,80.64,4.5,7630
36061011100,"Census Tract 111, New York County, New York",36,061,011100,10.47,85.85,9.51,4720
36061011201,"Census Tract 112.01, New York County, New York",36,061,011201,29.75,58.99,3.86,985
36061011202,"Census Tract 112.02, New York County, New York",36,061,011202,50.57,36.32,3.17,441
36061011203,"Census Tract 112.03, New York County, New York",36,061,011203,18.97,72.59,2.04,1228
36061011300,"Census Tract 113, New York County, New York",36,061,011300,23.53,92.0,52.94,102
36061011401,"Census Tract 114.01, New York County, New York",36,061,011401,44.2,48.08,5.24,1129
36061011402,"Census Tract 114.02, New York County, New York",36,061,011402,26.64,62.63,4.12,2087
36061011500,"Census Tract 115, New York County, New York",36,061,011500,4.72,92.8,17.43,3538
36061011600,"Census Tract 116, New York County, New York",36,061,011600,11.89,81.68,7.84,3827
36061011700,"Census Tract 117, New York County, New York",36,061,011700,5.15,93.38,5.03,4313
36061011800,"Census Tract 118, New York County, New York",36,061,011800,23.42,65.47,7.02,9054
36061011900,"Census Tract 119, New York County, New York",36,061,011900,36.82,58.98,48.34,1024
36061012000,"Census Tract 120, New York County, New York",36,061,012000,37.25,49.94,8.31,3103
36061012101,"Census Tract 121.01, New York County, New York",36,061,012101,20.4,74.01,21.56,2926
36061012102,"Census Tract 121.02, New York County, New York",36,061,012102,34.23,53.91,9.55,4735
36061012200,"Census Tract 122, New York County, New York",36,061,012200,38.65,46.61,3.8,2608
36061012400,"Census Tract 124, New York County, New York",36,061,012400,19.54,78.4,3.58,10626
36061012500,"Census Tract 125, New York County, New York",36,061,012500,13.46,83.93,13.49,2273
36061012601,"Census Tract 126.01, New York County, New York",36,061,012601,24.39,64.73,6.55,6791
36061012602,"Census Tract 126.02, New York County, New York",36,061,012602,24.17,60.65,6.74,5076
36061012700,"Census Tract 127, New York County, New York",36,061,012700,8.93,87.47,13.74,6783
36061012800,"Census Tract 128, New York County, New York",36,061,012800,37.38,45.69,7.96,5029
36061012901,"Census Tract 129.01, New York County, New York",36,061,012901,5.67,91.26,9.08,5965
36061012902,"Census Tract 129.02, New York County, New York",36,061,012902,10.42,81.65,16.18,2380
36061013000,"Census Tract 130, New York County, New York",36,061,013000,36.41,47.29,1.23,3581
36061013100,"Census Tract 131, New York County, New York",36,061,013100,20.52,74.88,11.12,2563
36061013201,"Census Tract 132.01, New York County, New York",36,061,013201,14.73,80.01,5.97,2614
36061013202,"Census Tract 132.02, New York County, New York",36,061,013202,13.98,82.27,7.74,3075
36061013203,"Census Tract 132.03, New York County, New York",36,061,013203,26.58,66.63,3.67,4717
36061013300,"Census Tract 133, New York County, New York",36,061,013300,6.94,90.28,14.13,6235
36061013400,"Census Tract 134, New York County, New York",36,061,013400,16.27,78.07,12.25,10759
36081000104,"Census Tract 1.04, Queens County, New York",36,081,000104,28.0,,71.01,225
36081000200,"Census Tract 2, Queens County, New York",36,081,000200,10.96,75.0,11.37,2638
36081000400,"Census Tract 4, Queens County, New York",36,081,000400,10.98,63.51,9.28,4280
36081000600,"Census Tract 6, Queens County, New York",36,081,000600,9.56,74.37,12.44,4039
36081000701,"Census Tract 7.01, Queens County, New York",36,081,000701,3.3,94.8,1.38,2694
36081000702,"Census Tract 7.02, Queens County, New York",36,081,000702,13.04,77.83,5.44,3205
36081000800,"Census Tract 8, Queens County, New York",36,081,000800,10.87,67.25,5.46,3146
36081001000,"Census Tract 10, Queens County, New York",36,081,001000,8.9,71.33,9.15,4470
36081001200,"Census Tract 12, Queens County, New York",36,081,001200,17.43,65.23,5.86,3615
36081001400,"Census Tract 14, Queens County, New York",36,081,001400,13.04,75.52,7.63,4080
36081001600,"Census Tract 16, Queens County, New York",36,081,001600,16.26,64.38,3.15,2318
36081001800,"Census Tract 18, Queens County, New York",36,081,001800,13.08,70.01,14.35,2599
36081001901,"Census Tract 19.01, Queens County, New York",36,081,001901,2.51,96.73,2.01,996
36081001902,"Census Tract 19.02, Queens County, New York",36,081,001902,0.77,98.49,10.4,3376
36081001903,"Census Tract 19.03, Queens County, New York",36,081,001903,0.0,100.0,10.3,1514
36081002000,"Census Tract 20, Queens County, New York",36,081,002000,20.67,52.87,8.24,1577
36081002200,"Census Tract 22, Queens County, New York",36,081,002200,8.09,80.65,11.28,2226
36081002400,"Census Tract 24, Queens County, New York",36,081,002400,11.63,70.89,11.85,2295
36081002500,"Census Tract 25, Queens County, New York",36,081,002500,15.84,73.51,34.73,6637
36081002600,"Census Tract 26, Queens County, New York",36,081,002600,16.92,64.81,3.56,2133
36081002800,"Census Tract 28, Queens County, New York",36,081,002800,12.39,67.75,10.15,3454
36081003000,"Census Tract 30, Queens County, New York",36,081,003000,17.28,44.74,12.05,1609
36081003100,"Census Tract 31, Queens County, New York",36,081,003100,9.6,83.23,9.43,1125
36081003200,"Census Tract 32, Queens County, New York",36,081,003200,10.71,69.2,31.27,1783
36081003301,"Census Tract 33.01, Queens County, New York",36,081,003301,6.33,94.91,7.43,2370
36081003302,"Census Tract 33.02, Queens County, New York",36,081,003302,11.12,75.17,20.77,1214
36081003400,"Census Tract 34, Queens County, New York",36,081,003400,10.77,72.41,22.57,2545
36081003600,"Census Tract 36, Queens County, New York",36,081,003600,16.76,59.74,8.88,3550
36081003700,"Census Tract 37, Queens County, New York",36,081,003700,,,,0
36081003800,"Census Tract 38, Queens County, New York",36,081,003800,12.79,68.75,15.73,2736
36081003900,"Census Tract 39, Queens County, New York",36,081,003900,9.5,83.51,7.7,1389
36081004001,"Census Tract 40.01, Queens County, New York",36,081,004001,12.48,71.8,13.63,2107
36081004002,"Census Tract 40.02, Queens County, New York",36,081,004002,28.11,68.19,9.9,1583
36081004200,"Census Tract 42, Queens County, New York",36,081,004200,12.79,72.39,11.9,3862
36081004300,"Census Tract 43, Queens County, New York",36,081,004300,17.78,66.48,35.58,2193
36081004401,"Census Tract 44.01, Queens County, New York",36,081,004401,9.15,75.74,22.87,3869
36081004500,"Census Tract 45, Queens County, New York",36,081,004500,29.49,52.25,6.7,2970
36081004700,"Census Tract 47, Queens County, New York",36,081,004700,14.08,72.07,13.71,3650
36081005000,"Census Tract 50, Queens County, New York",36,081,005000,,,,0
36081005100,"Census Tract 51, Queens County, New York",36,081,005100,11.34,79.79,11.0,1737
36081005200,"Census Tract 52, Queens County, New York",36,081,005200,9.14,73.78,9.58,2845
36081005300,"Census Tract 53, Queens County, New York",36,081,005300,13.4,79.9,8.91,5039
36081005400,"Census Tract 54, Queens County, New York",36,081,005400,10.85,73.77,14.06,5916
36081005500,"Census Tract 55, Queens County, New York",36,081,005500,14.63,66.67,9.37,1025
36081005700,"Census Tract 57, Queens County, New York",36,081,005700,6.17,89.53,15.93,4229
36081005800,"Census Tract 58, Queens County, New York",36,081,005800,13.31,69.11,13.5,6228
36085000300,"Census Tract 3, Richmond County, New York",36,085,000300,15.26,77.27,18.45,2123
36085000600,"Census Tract 6, Richmond County, New York",36,085,000600,33.29,46.48,21.84,2331
36085000700,"Census Tract 7, Richmond County, New York",36,085,000700,16.46,71.06,22.2,4325
36085000800,"Census Tract 8, Richmond County, New York",36,085,000800,16.51,65.52,8.79,5553
36085000900,"Census Tract 9, Richmond County, New York",36,085,000900,13.49,71.21,23.89,1875
36085001100,"Census Tract 11, Richmond County, New York",36,085,001100,10.11,72.05,24.37,3146
36085001700,"Census Tract 17, Richmond County, New York",36,085,001700,18.17,60.18,23.43,1293
36085001800,"Census Tract 18, Richmond County, New York",36,085,001800,2.12,92.79,0.0,659
36085002001,"Census Tract 20.01, Richmond County, New York",36,085,002001,27.57,49.47,8.49,2909
36085002002,"Census Tract 20.02, Richmond County, New York",36,085,002002,19.2,64.59,6.69,3182
36061013501,"Census Tract 135.01, New York County, New York",36,061,013501,12.43,81.21,17.49,4609
36061013502,"Census Tract 135.02, New York County, New York",36,061,013502,23.38,65.64,24.59,5129
36061013601,"Census Tract 136.01, New York County, New York",36,061,013601,25.58,57.62,7.03,1849
36061013602,"Census Tract 136.02, New York County, New York",36,061,013602,20.02,67.76,1.64,6778
36061013603,"Census Tract 136.03, New York County, New York",36,061,013603,29.36,53.24,0.39,3553
36061013604,"Census Tract 136.04, New York County, New York",36,061,013604,17.31,71.83,7.42,4004
36061013700,"Census Tract 137, New York County, New York",36,061,013700,19.73,73.37,6.72,6428
36061013800,"Census Tract 138, New York County, New York",36,061,013800,17.4,81.06,6.83,12448
36061013900,"Census Tract 139, New York County, New York",36,061,013900,20.32,72.72,7.7,10593
36061014000,"Census Tract 140, New York County, New York",36,061,014000,23.37,64.91,4.76,7245
36061014200,"Census Tract 142, New York County, New York",36,061,014200,30.75,49.65,5.49,4878
36061014300,"Census Tract 143, New York County, New York",36,061,014300,0.0,,0.0,1
36061014401,"Census Tract 144.01, New York County, New York",36,061,014401,21.05,68.47,2.88,4551
36061014402,"Census Tract 144.02, New York County, New York",36,061,014402,22.82,66.66,2.4,6630
36061014500,"Census Tract 145, New York County, New York",36,061,014500,17.77,72.6,7.07,6270
36061014601,"Census Tract 146.01, New York County, New York",36,061,014601,18.41,74.33,10.31,4263
36061014602,"Census Tract 146.02, New York County, New York",36,061,014602,28.22,61.64,6.15,8006
36061014700,"Census Tract 147, New York County, New York",36,061,014700,3.7,93.6,5.31,3162
36061014801,"Census Tract 148.01, New York County, New York",36,061,014801,25.62,59.36,2.53,2724
36061014802,"Census Tract 148.02, New York County, New York",36,061,014802,16.59,71.77,7.81,6735
36061014900,"Census Tract 149, New York County, New York",36,061,014900,32.33,54.21,12.14,5156
36061015001,"Census Tract 150.01, New York County, New York",36,061,015001,30.34,53.37,4.35,2159
36061015002,"Census Tract 150.02, New York County, New York",36,061,015002,37.07,43.62,3.04,4545
36061015101,"Census Tract 151.01, New York County, New York",36,061,015101,16.05,69.02,11.93,3806
36061015102,"Census Tract 151.02, New York County, New York",36,061,015102,9.7,81.96,20.17,6783
36061015200,"Census Tract 152, New York County, New York",36,061,015200,18.82,67.48,15.76,7576
36061015301,"Census Tract 153.01, New York County, New York",36,061,015301,22.96,62.57,4.37,4186
36061015302,"Census Tract 153.02, New York County, New York",36,061,015302,17.46,75.64,2.94,5614
36061015401,"Census Tract 154.01, New York County, New York",36,061,015401,10.32,83.32,3.66,5541
36061015402,"Census Tract 154.02, New York County, New York",36,061,015402,9.72,83.26,1.53,4516
36061015403,"Census Tract 154.03, New York County, New York",36,061,015403,20.52,71.81,10.6,4483
36061015501,"Census Tract 155.01, New York County, New York",36,061,015501,35.09,56.69,4.64,5150
36061015502,"Census Tract 155.02, New York County, New York",36,061,015502,27.8,61.32,8.13,5032
36061015601,"Census Tract 156.01, New York County, New York",36,061,015601,10.05,83.44,9.37,5077
36061015602,"Census Tract 156.02, New York County, New York",36,061,015602,12.14,82.91,29.5,2282
36061015700,"Census Tract 157, New York County, New York",36,061,015700,18.68,76.14,6.09,9814
36061015801,"Census Tract 158.01, New York County, New York",36,061,015801,21.27,69.44,3.72,4532
36061015802,"Census Tract 158.02, New York County, New York",36,061,015802,11.4,77.34,9.16,4465
36061015900,"Census Tract 159, New York County, New York",36,061,015900,26.32,63.93,6.08,9272
36061016001,"Census Tract 160.01, New York County, New York",36,061,016001,31.52,52.93,2.92,3290
36061016002,"Census Tract 160.02, New York County, New York",36,061,016002,27.25,68.87,3.88,3515
36061016100,"Census Tract 161, New York County, New York",36,061,016100,17.76,74.08,6.18,6572
36061016200,"Census Tract 162, New York County, New York",36,061,016200,19.48,61.52,30.83,9377
36061016300,"Census Tract 163, New York County, New York",36,061,016300,15.89,70.93,2.99,7528
36061016400,"Census Tract 164, New York County, New York",36,061,016400,16.77,66.48,40.54,7547
36081006100,"Census Tract 61, Queens County, New York",36,081,006100,7.09,87.9,6.66,5497
36081006201,"Census Tract 62.01, Queens County, New York",36,081,006201,35.77,46.03,7.55,5681
36081006202,"Census Tract 62.02, Queens County, New York",36,081,006202,15.23,70.89,21.3,5760
36081006300,"Census Tract 63, Queens County, New York",36,081,006300,7.51,86.86,10.79,5915
36081006501,"Census Tract 65.01, Queens County, New York",36,081,006501,9.79,82.65,10.39,3186
36081006502,"Census Tract 65.02, Queens County, New York",36,081,006502,10.35,83.11,19.99,3796
36081006900,"Census Tract 69, Queens County, New York",36,081,006900,17.17,80.04,14.67,3785
36081007100,"Census Tract 71, Queens County, New York",36,081,007100,12.96,82.64,9.31,3211
36081007300,"Census Tract 73, Queens County, New York",36,081,007300,7.09,89.83,10.3,3863
36081007500,"Census Tract 75, Queens County, New York",36,081,007500,22.68,63.86,12.36,3982
36081007700,"Census Tract 77, Queens County, New York",36,081,007700,6.18,88.57,18.27,1894
36081007900,"Census Tract 79, Queens County, New York",36,081,007900,20.97,66.53,23.04,2661
36081008100,"Census Tract 81, Queens County, New York",36,081,008100,3.43,95.58,9.77,1226
36081008300,"Census Tract 83, Queens County, New York",36,081,008300,9.19,82.89,7.14,2242
36081008500,"Census Tract 85, Queens County, New York",36,081,008500,4.46,89.56,31.09,941
36081008600,"Census Tract 86, Queens County, New York",36,081,008600,13.3,67.29,11.23,2796
36081008700,"Census Tract 87, Queens County, New York",36,081,008700,18.69,58.51,42.25,3536
36081008800,"Census Tract 88, Queens County, New York",36,081,008800,9.51,77.17,9.58,3650
36081009100,"Census Tract 91, Queens County, New York",36,081,009100,16.88,77.86,7.75,2168
36081009400,"Census Tract 94, Queens County, New York",36,081,009400,12.14,65.57,17.96,2817
36081009500,"Census Tract 95, Queens County, New York",36,081,009500,15.21,72.41,7.2,2190
36081009600,"Census Tract 96, Queens County, New York",36,081,009600,23.35,47.7,7.43,3250
36081009700,"Census Tract 97, Queens County, New York",36,081,009700,8.58,84.05,8.64,3812
36081009800,"Census Tract 98, Queens County, New York",36,081,009800,15.49,62.48,9.67,2627
36081009900,"Census Tract 99, Queens County, New York",36,081,009900,,,,0
36081010000,"Census Tract 100, Queens County, New York",36,081,010000,18.17,43.89,10.31,3665
36081010100,"Census Tract 101, Queens County, New York",36,081,010100,16.92,67.67,6.69,2458
36081010200,"Census Tract 102, Queens County, New York",36,081,010200,11.3,72.4,12.46,2771
36081010300,"Census Tract 103, Queens County, New York",36,081,010300,17.73,67.37,15.13,4045
36081010400,"Census Tract 104, Queens County, New York",36,081,010400,13.35,76.42,5.66,3109
36081010500,"Census Tract 105, Queens County, New York",36,081,010500,12.51,69.79,18.1,4852
36081010600,"Census Tract 106, Queens County, New York",36,081,010600,24.2,45.15,8.87,3764
36081010701,"Census Tract 107.01, Queens County, New York",36,081,010701,,,,0
36081010800,"Census Tract 108, Queens County, New York",36,081,010800,14.57,64.69,15.84,3137
36081011000,"Census Tract 110, Queens County, New York",36,081,011000,12.23,73.47,6.99,2846
36081011100,"Census Tract 111, Queens County, New York",36,081,011100,13.02,75.5,8.21,3164
36081005900,"Census Tract 59, Queens County, New York",36,081,005900,14.48,78.49,5.14,3771
36081011200,"Census Tract 112, Queens County, New York",36,081,011200,19.21,57.95,13.4,2275
36081011300,"Census Tract 113, Queens County, New York",36,081,011300,10.33,83.89,8.34,4326
36081011400,"Census Tract 114, Queens County, New York",36,081,011400,22.0,59.48,11.72,1323
36081011500,"Census Tract 115, Queens County, New York",36,081,011500,12.75,78.28,4.87,2486
36081011600,"Census Tract 116, Queens County, New York",36,081,011600,9.84,76.24,15.84,1951
36081011700,"Census Tract 117, Queens County, New York",36,081,011700,13.25,72.32,9.96,3706
36081011800,"Census Tract 118, Queens County, New York",36,081,011800,7.59,79.41,14.14,2398
36081011900,"Census Tract 119, Queens County, New York",36,081,011900,11.13,80.59,7.68,1419
36081012000,"Census Tract 120, Queens County, New York",36,081,012000,10.5,70.56,15.31,2485
36085002100,"Census Tract 21, Richmond County, New York",36,085,002100,9.3,81.06,22.65,4849
36085002700,"Census Tract 27, Richmond County, New York",36,085,002700,21.05,83.07,48.22,1805
36085002900,"Census Tract 29, Richmond County, New York",36,085,002900,9.72,77.29,48.42,4867
36085003300,"Census Tract 33, Richmond County, New York",36,085,003300,12.01,71.62,5.12,3622
36085003600,"Census Tract 36, Richmond County, New York",36,085,003600,8.8,71.96,8.8,2965
36085003900,"Census Tract 39, Richmond County, New York",36,085,003900,13.57,74.52,4.89,2373
36085004001,"Census Tract 40.01, Richmond County, New York",36,085,004001,19.83,59.16,3.69,2996
36085004002,"Census Tract 40.02, Richmond County, New York",36,085,004002,6.59,79.24,0.0,2290
36085004003,"Census Tract 40.03, Richmond County, New York",36,085,004003,11.74,73.34,58.25,3253
36085004004,"Census Tract 40.04, Richmond County, New York",36,085,004004,6.19,80.08,9.39,3875
36085004700,"Census Tract 47, Richmond County, New York",36,085,004700,18.2,60.07,9.88,2747
36085005000,"Census Tract 50, Richmond County, New York",36,085,005000,18.15,60.4,12.54,4061
36085005901,"Census Tract 59.01, Richmond County, New York",36,085,005901,14.97,69.19,7.4,3180
36085005902,"Census Tract 59.02, Richmond County, New York",36,085,005902,,,,0
36085006400,"Census Tract 64, Richmond County, New York",36,085,006400,18.14,63.78,22.36,3318
36085006700,"Census Tract 67, Richmond County, New York",36,085,006700,20.4,62.87,4.15,2529
36085007001,"Census Tract 70.01, Richmond County, New York",36,085,007001,17.42,60.48,5.45,3083
36085007002,"Census Tract 70.02, Richmond County, New York",36,085,007002,11.54,60.89,10.89,6376
36085007400,"Census Tract 74, Richmond County, New York",36,085,007400,17.04,65.08,13.16,4494
36085007500,"Census Tract 75, Richmond County, New York",36,085,007500,13.97,74.69,24.24,4551
36085007700,"Census Tract 77, Richmond County, New York",36,085,007700,8.44,76.6,15.91,1635
36085008100,"Census Tract 81, Richmond County, New York",36,085,008100,28.34,52.31,23.15,4382
36085009601,"Census Tract 96.01, Richmond County, New York",36,085,009601,23.22,62.01,6.78,4656
36085009602,"Census Tract 96.02, Richmond County, New York",36,085,009602,12.4,69.05,4.64,3193
36085009701,"Census Tract 97.01, Richmond County, New York",36,085,009701,10.48,76.93,5.52,4331
36085009702,"Census Tract 97.02, Richmond County, New York",36,085,009702,,,,0
36085010500,"Census Tract 105, Richmond County, New York",36,085,010500,16.86,62.74,14.87,4431
36085011201,"Census Tract 112.01, Richmond County, New York",36,085,011201,15.86,66.43,8.97,5913
36085011203,"Census Tract 112.03, Richmond County, New York",36,085,011203,16.18,57.96,13.31,6237
36085011204,"Census Tract 112.04, Richmond County, New York",36,085,011204,0.0,100.0,13.3,233
36085011401,"Census Tract 114.01, Richmond County, New York",36,085,011401,17.94,67.45,24.86,2960
36085011402,"Census Tract 114.02, Richmond County, New York",36,085,011402,18.44,64.24,8.48,3524
36085012100,"Census Tract 121, Richmond County, New York",36,085,012100,21.77,60.79,1.72,2912
36085012200,"Census Tract 122, Richmond County, New York",36,085,012200,14.59,67.73,0.67,4022
36085012500,"Census Tract 125, Richmond County, New York",36,085,012500,9.35,78.36,17.54,3103
36085012804,"Census Tract 128.04, Richmond County, New York",36,085,012804,10.16,79.06,9.74,4096
36085012805,"Census Tract 128.05, Richmond County, New York",36,085,012805,13.26,64.39,8.7,2534
36085012806,"Census Tract 128.06, Richmond County, New York",36,085,012806,18.36,63.84,15.08,5304
36085013201,"Census Tract 132.01, Richmond County, New York",36,085,013201,20.79,57.66,5.27,1347
36085013203,"Census Tract 132.03, Richmond County, New York",36,085,013203,16.99,64.09,6.3,5986
36085013204,"Census Tract 132.04, Richmond County, New York",36,085,013204,18.36,61.98,6.09,4809
36085013301,"Census Tract 133.01, Richmond County, New York",36,085,013301,19.12,68.3,58.0,1067
36085013302,"Census Tract 133.02, Richmond County, New York",36,085,013302,7.71,63.99,25.48,3320
36085013400,"Census Tract 134, Richmond County, New York",36,085,013400,18.63,58.4,19.58,4127
36085013800,"Census Tract 138, Richmond County, New York",36,085,013800,25.21,51.91,7.32,6558
36005000100,"Census Tract 1, Bronx County, New York",36,005,000100,1.11,,,6600
36005000200,"Census Tract 2, Bronx County, New York",36,005,000200,18.53,64.7,21.36,4167
36005000400,"Census Tract 4, Bronx County, New York",36,005,000400,14.09,71.0,4.29,5684
36005001600,"Census Tract 16, Bronx County, New York",36,005,001600,19.37,60.29,18.22,5917
36005001901,"Census Tract 19.01, Bronx County, New York",36,005,001901,0.84,97.32,25.49,1910
36005001902,"Census Tract 19.02, Bronx County, New York",36,005,001902,6.07,81.76,22.59,1334
36005001903,"Census Tract 19.03, Bronx County, New York",36,005,001903,,,,0
36005001904,"Census Tract 19.04, Bronx County, New York",36,005,001904,,,,0
36005002001,"Census Tract 20.01, Bronx County, New York",36,005,002001,10.73,71.58,52.99,4837
36005002002,"Census Tract 20.02, Bronx County, New York",36,005,002002,13.95,67.72,26.61,4768
36005002300,"Census Tract 23, Bronx County, New York",36,005,002300,12.46,72.52,39.68,4517
36005002400,"Census Tract 24, Bronx County, New York",36,005,002400,,,,0
36005002500,"Census Tract 25, Bronx County, New York",36,005,002500,7.01,80.95,40.64,5694
36005002701,"Census Tract 27.01, Bronx County, New York",36,005,002701,13.7,70.4,63.51,2672
36005002702,"Census Tract 27.02, Bronx County, New York",36,005,002702,5.84,81.29,51.78,4504
36005002800,"Census Tract 28, Bronx County, New York",36,005,002800,17.95,64.14,5.9,5030
36005003100,"Census Tract 31, Bronx County, New York",36,005,003100,6.19,83.84,18.25,1858
36005003300,"Census Tract 33, Bronx County, New York",36,005,003300,5.64,86.34,46.06,3140
36005003500,"Census Tract 35, Bronx County, New York",36,005,003500,7.54,82.61,37.0,3738
36005003700,"Census Tract 37, Bronx County, New York",36,005,003700,4.05,96.55,25.68,222
36005003800,"Census Tract 38, Bronx County, New York",36,005,003800,18.65,53.45,20.83,1169
36005003900,"Census Tract 39, Bronx County, New York",36,005,003900,11.1,68.41,41.12,6736
36005004001,"Census Tract 40.01, Bronx County, New York",36,005,004001,19.09,60.12,15.37,1425
36005004100,"Census Tract 41, Bronx County, New York",36,005,004100,10.5,76.8,47.86,5865
36005004200,"Census Tract 42, Bronx County, New York",36,005,004200,12.57,73.29,24.47,7789
36005004300,"Census Tract 43, Bronx County, New York",36,005,004300,9.7,80.74,37.93,5421
36005004400,"Census Tract 44, Bronx County, New York",36,005,004400,14.06,73.61,55.04,4401
36005004600,"Census Tract 46, Bronx County, New York",36,005,004600,12.57,69.73,38.84,1854
36005004800,"Census Tract 48, Bronx County, New York",36,005,004800,6.64,84.12,26.25,4757
36005005001,"Census Tract 50.01, Bronx County, New York",36,005,005001,12.25,69.4,45.75,4465
36005005002,"Census Tract 50.02, Bronx County, New York",36,005,005002,7.69,80.14,37.64,6291
36005005100,"Census Tract 51, Bronx County, New York",36,005,005100,11.68,68.85,54.0,5858
36005005200,"Census Tract 52, Bronx County, New York",36,005,005200,13.68,69.08,37.52,1879
36005005300,"Census Tract 53, Bronx County, New York",36,005,005300,5.46,85.55,58.33,5142
36005005400,"Census Tract 54, Bronx County, New York",36,005,005400,11.49,72.04,33.53,5354
36047039500,"Census Tract 395, Kings County, New York",36,047,039500,8.16,86.01,26.42,3958
36047039600,"Census Tract 396, Kings County, New York",36,047,039600,15.18,66.46,15.39,1910
36047039700,"Census Tract 397, Kings County, New York",36,047,039700,9.99,78.42,22.8,3342
36047039800,"Census Tract 398, Kings County, New York",36,047,039800,13.6,67.38,15.01,2845
36047039900,"Census Tract 399, Kings County, New York",36,047,039900,11.85,73.11,22.13,4229
36047040000,"Census Tract 400, Kings County, New York",36,047,040000,14.87,67.44,12.63,2906
36047040100,"Census Tract 401, Kings County, New York",36,047,040100,18.14,69.32,30.02,3203
36047040200,"Census Tract 402, Kings County, New York",36,047,040200,16.42,68.32,20.08,2844
36047040300,"Census Tract 403, Kings County, New York",36,047,040300,16.82,72.17,22.89,3697
36047040400,"Census Tract 404, Kings County, New York",36,047,040400,13.46,66.75,14.77,2355
36047040500,"Census Tract 405, Kings County, New York",36,047,040500,6.22,87.44,11.9,1512
36047040600,"Census Tract 406, Kings County, New York",36,047,040600,14.55,67.42,14.77,3642
36047040700,"Census Tract 407, Kings County, New York",36,047,040700,,,,0
36047040800,"Census Tract 408, Kings County, New York",36,047,040800,18.19,58.26,5.22,3485
36047040900,"Census Tract 409, Kings County, New York",36,047,040900,11.99,76.2,40.04,3829
36047041000,"Census Tract 410, Kings County, New York",36,047,041000,14.57,68.3,16.93,2004
36047041100,"Census Tract 411, Kings County, New York",36,047,041100,12.33,67.57,25.88,3050
36047041200,"Census Tract 412, Kings County, New York",36,047,041200,11.43,70.15,25.12,3404
36047041300,"Census Tract 413, Kings County, New York",36,047,041300,14.51,62.27,16.7,3743
36047041401,"Census Tract 414.01, Kings County, New York",36,047,041401,11.03,64.49,29.4,1541
36047041402,"Census Tract 414.02, Kings County, New York",36,047,041402,25.42,55.66,15.86,1829
36047041500,"Census Tract 415, Kings County, New York",36,047,041500,9.29,77.69,17.95,4112
36047041600,"Census Tract 416, Kings County, New York",36,047,041600,13.79,68.7,14.72,2343
36047041700,"Census Tract 417, Kings County, New York",36,047,041700,19.43,60.8,24.12,3221
36047041800,"Census Tract 418, Kings County, New York",36,047,041800,17.21,57.01,21.49,2859
36047041900,"Census Tract 419, Kings County, New York",36,047,041900,8.1,77.52,38.45,3914
36047042000,"Census Tract 420, Kings County, New York",36,047,042000,15.34,62.18,20.67,1930
36047042100,"Census Tract 421, Kings County, New York",36,047,042100,10.97,76.17,16.94,4239
36047042200,"Census Tract 422, Kings County, New York",36,047,042200,10.49,79.32,18.84,3545
36047042300,"Census Tract 423, Kings County, New York",36,047,042300,8.1,91.22,14.17,3840
36047042400,"Census Tract 424, Kings County, New York",36,047,042400,13.23,71.65,21.27,3342
36047042500,"Census Tract 425, Kings County, New York",36,047,042500,1.39,95.04,23.53,3321
36047042600,"Census Tract 426, Kings County, New York",36,047,042600,17.92,63.57,20.12,4129
36047042700,"Census Tract 427, Kings County, New York",36,047,042700,6.26,88.86,26.03,4730
36047042800,"Census Tract 428, Kings County, New York",36,047,042800,20.22,59.27,9.45,3789
36047042900,"Census Tract 429, Kings County, New York",36,047,042900,2.61,93.69,33.85,5205
36047043000,"Census Tract 430, Kings County, New York",36,047,043000,13.52,69.39,16.7,3276
36047043100,"Census Tract 431, Kings County, New York",36,047,043100,6.88,85.46,24.73,4654
36047043200,"Census Tract 432, Kings County, New York",36,047,043200,12.54,69.32,11.11,4195
36047043300,"Census Tract 433, Kings County, New York",36,047,043300,9.69,73.82,36.62,3529
36047043400,"Census Tract 434, Kings County, New York",36,047,043400,13.35,75.06,30.24,3618
36047043500,"Census Tract 435, Kings County, New York",36,047,043500,7.05,81.05,24.77,4921
36047043600,"Census Tract 436, Kings County, New York",36,047,043600,16.3,58.51,17.39,4877
36047043700,"Census Tract 437, Kings County, New York",36,047,043700,5.02,84.83,21.75,5796
36047043800,"Census Tract 438, Kings County, New York",36,047,043800,15.24,67.16,22.27,2532
36047043900,"Census Tract 439, Kings County, New York",36,047,043900,11.68,73.82,22.06,3424
36047044000,"Census Tract 440, Kings County, New York",36,047,044000,13.6,67.25,19.33,2736
36005005600,"Census Tract 56, Bronx County, New York",36,005,005600,25.65,53.27,34.22,2113
36005005902,"Census Tract 59.02, Bronx County, New York",36,005,005902,17.91,62.13,31.23,2635
36005006000,"Census Tract 60, Bronx County, New York",36,005,006000,15.09,68.92,26.3,1266
36005006100,"Census Tract 61, Bronx County, New York",36,005,006100,23.56,60.94,9.26,3985
36005006200,"Census Tract 62, Bronx County, New York",36,005,006200,12.15,71.39,29.19,6995
36005006301,"Census Tract 63.01, Bronx County, New York",36,005,006301,7.21,83.46,28.16,4741
36005006302,"Census Tract 63.02, Bronx County, New York",36,005,006302,,,,0
36005006400,"Census Tract 64, Bronx County, New York",36,005,006400,16.08,67.39,28.16,3949
36005006500,"Census Tract 65, Bronx County, New York",36,005,006500,5.12,85.27,48.64,5394
36005006700,"Census Tract 67, Bronx County, New York",36,005,006700,9.29,78.69,43.89,6682
36005006800,"Census Tract 68, Bronx County, New York",36,005,006800,18.62,64.01,27.23,3147
36005006900,"Census Tract 69, Bronx County, New York",36,005,006900,12.67,70.82,37.56,7370
36005007000,"Census Tract 70, Bronx County, New York",36,005,007000,11.73,69.49,17.01,4469
36005007100,"Census Tract 71, Bronx County, New York",36,005,007100,7.58,82.31,22.44,2877
36005007200,"Census Tract 72, Bronx County, New York",36,005,007200,13.07,64.43,24.46,6448
36005007300,"Census Tract 73, Bronx County, New York",36,005,007300,6.36,82.08,47.86,4229
36005007400,"Census Tract 74, Bronx County, New York",36,005,007400,17.54,60.9,31.45,3494
36005007500,"Census Tract 75, Bronx County, New York",36,005,007500,10.62,73.42,32.72,6345
36005007600,"Census Tract 76, Bronx County, New York",36,005,007600,12.81,67.7,23.61,5136
36005007700,"Census Tract 77, Bronx County, New York",36,005,007700,8.44,73.57,24.88,2037
36005007800,"Census Tract 78, Bronx County, New York",36,005,007800,8.58,73.63,13.39,7160
36005007900,"Census Tract 79, Bronx County, New York",36,005,007900,6.62,81.66,41.46,6795
36005008300,"Census Tract 83, Bronx County, New York",36,005,008300,9.38,72.38,28.92,5948
36005008400,"Census Tract 84, Bronx County, New York",36,005,008400,16.34,59.78,10.6,3017
36005008500,"Census Tract 85, Bronx County, New York",36,005,008500,8.68,79.56,31.13,5416
36005008600,"Census Tract 86, Bronx County, New York",36,005,008600,15.12,69.81,43.21,3757
36005008700,"Census Tract 87, Bronx County, New York",36,005,008700,8.73,81.27,43.85,6230
36005008900,"Census Tract 89, Bronx County, New York",36,005,008900,18.81,57.76,20.34,2998
36005009000,"Census Tract 90, Bronx County, New York",36,005,009000,12.84,70.2,33.34,3574
36005009200,"Census Tract 92, Bronx County, New York",36,005,009200,8.59,79.24,24.22,6005
36005009301,"Census Tract 93.01, Bronx County, New York",36,005,009301,6.76,81.47,39.41,5343
36005009302,"Census Tract 93.02, Bronx County, New York",36,005,009302,1.21,,,579
36005009600,"Census Tract 96, Bronx County, New York",36,005,009600,21.37,64.62,17.22,2794
36005009800,"Census Tract 98, Bronx County, New York",36,005,009800,25.76,60.31,15.1,5019
36005011000,"Census Tract 110, Bronx County, New York",36,005,011000,,,,0
36005011502,"Census Tract 115.02, Bronx County, New York",36,005,011502,8.54,77.0,45.63,4297
36005011701,"Census Tract 117.01, Bronx County, New York",36,005,011701,15.51,64.14,37.21,1360
36005011702,"Census Tract 117.02, Bronx County, New York",36,005,011702,,,,0
36005011800,"Census Tract 118, Bronx County, New York",36,005,011800,12.1,63.6,9.55,5645
36005011900,"Census Tract 119, Bronx County, New York",36,005,011900,9.63,73.62,29.47,5399
36005012101,"Census Tract 121.01, Bronx County, New York",36,005,012101,7.81,84.7,26.41,3072
36005012102,"Census Tract 121.02, Bronx County, New York",36,005,012102,10.91,77.67,40.13,1338
36005012300,"Census Tract 123, Bronx County, New York",36,005,012300,11.26,73.71,16.21,4371
36005012500,"Census Tract 125, Bronx County, New York",36,005,012500,7.85,78.25,32.72,3859
36005012701,"Census Tract 127.01, Bronx County, New York",36,005,012701,10.17,70.49,23.07,2046
36005012901,"Census Tract 129.01, Bronx County, New York",36,005,012901,10.24,73.65,33.27,4677
36005013000,"Census Tract 130, Bronx County, New York",36,005,013000,11.01,74.19,16.69,1462
36047044100,"Census Tract 441, Kings County, New York",36,047,044100,14.06,70.69,24.69,5101
36047044200,"Census Tract 442, Kings County, New York",36,047,044200,23.42,52.32,15.64,2699
36047044300,"Census Tract 443, Kings County, New York",36,047,044300,7.67,85.95,23.57,4417
36047044400,"Census Tract 444, Kings County, New York",36,047,044400,16.48,62.48,25.39,3458
36047044500,"Census Tract 445, Kings County, New York",36,047,044500,11.36,75.41,21.26,4393
36047044600,"Census Tract 446, Kings County, New York",36,047,044600,7.86,80.55,22.89,1984
36047044700,"Census Tract 447, Kings County, New York",36,047,044700,1.93,96.0,34.37,2543
36047044800,"Census Tract 448, Kings County, New York",36,047,044800,24.93,48.31,12.06,1793
36047044901,"Census Tract 449.01, Kings County, New York",36,047,044901,7.03,84.68,39.87,2989
36047044902,"Census Tract 449.02, Kings County, New York",36,047,044902,,,,0
36047045000,"Census Tract 450, Kings County, New York",36,047,045000,8.8,73.98,24.69,648
36047045200,"Census Tract 452, Kings County, New York",36,047,045200,19.97,53.81,7.86,2564
36047045300,"Census Tract 453, Kings County, New York",36,047,045300,8.46,86.92,45.07,2410
36047045400,"Census Tract 454, Kings County, New York",36,047,045400,14.76,57.88,9.8,1877
36047045600,"Census Tract 456, Kings County, New York",36,047,045600,18.69,58.81,10.67,2183
36047045800,"Census Tract 458, Kings County, New York",36,047,045800,23.87,57.59,11.11,1215
36047046000,"Census Tract 460, Kings County, New York",36,047,046000,14.53,73.56,18.28,3104
36047046201,"Census Tract 462.01, Kings County, New York",36,047,046201,24.1,51.89,12.63,2050
36047046202,"Census Tract 462.02, Kings County, New York",36,047,046202,13.36,67.31,14.41,1894
36047046400,"Census Tract 464, Kings County, New York",36,047,046400,8.17,75.91,35.11,2717
36047046800,"Census Tract 468, Kings County, New York",36,047,046800,18.65,60.65,22.01,1995
36047047000,"Census Tract 470, Kings County, New York",36,047,047000,9.31,78.83,13.61,2396
36047047200,"Census Tract 472, Kings County, New York",36,047,047200,13.65,64.16,27.93,2865
36047047400,"Census Tract 474, Kings County, New York",36,047,047400,21.66,49.69,36.49,2258
36047047600,"Census Tract 476, Kings County, New York",36,047,047600,23.34,48.5,19.11,3004
36047047700,"Census Tract 477, Kings County, New York",36,047,047700,6.94,88.8,9.86,3701
36047047800,"Census Tract 478, Kings County, New York",36,047,047800,11.36,66.8,24.94,3926
36047048000,"Census Tract 480, Kings County, New York",36,047,048000,9.6,73.54,34.7,3447
36047048100,"Census Tract 481, Kings County, New York",36,047,048100,11.59,75.42,13.92,3047
36047048200,"Census Tract 482, Kings County, New York",36,047,048200,19.37,58.58,13.91,4955
36047048400,"Census Tract 484, Kings County, New York",36,047,048400,9.86,73.91,21.57,5566
36047048500,"Census Tract 485, Kings County, New York",36,047,048500,7.23,85.26,22.36,2254
36047048600,"Census Tract 486, Kings County, New York",36,047,048600,9.9,73.08,21.83,3152
36047048800,"Census Tract 488, Kings County, New York",36,047,048800,12.31,71.06,18.01,4044
36047048900,"Census Tract 489, Kings County, New York",36,047,048900,13.37,69.96,42.69,3591
36047049000,"Census Tract 490, Kings County, New York",36,047,049000,15.88,66.15,19.97,5354
36047049100,"Census Tract 491, Kings County, New York",36,047,049100,16.59,63.96,31.53,6818
36047049200,"Census Tract 492, Kings County, New York",36,047,049200,9.85,82.57,35.63,3240
36047049301,"Census Tract 493.01, Kings County, New York",36,047,049301,18.09,65.61,41.96,2288
36047049302,"Census Tract 493.02, Kings County, New York",36,047,049302,13.49,71.57,36.17,5004
36047049400,"Census Tract 494, Kings County, New York",36,047,049400,17.51,72.32,14.34,5681
36047049500,"Census Tract 495, Kings County, New York",36,047,049500,6.33,87.53,15.22,2558
36047049600,"Census Tract 496, Kings County, New York",36,047,049600,13.28,71.72,20.13,4022
36047049700,"Census Tract 497, Kings County, New York",36,047,049700,9.11,85.86,5.82,2765
36047049800,"Census Tract 498, Kings County, New York",36,047,049800,12.67,71.54,6.96,4011
36047049900,"Census Tract 499, Kings County, New York",36,047,049900,2.86,94.18,7.34,2030
36047050001,"Census Tract 500.01, Kings County, New York",36,047,050001,18.15,63.13,1.21,2154
36005013100,"Census Tract 131, Bronx County, New York",36,005,013100,8.89,80.65,37.87,5221
36005013200,"Census Tract 132, Bronx County, New York",36,005,013200,13.37,73.0,6.82,7367
36005013300,"Census Tract 133, Bronx County, New York",36,005,013300,10.29,76.32,22.64,5785
36005013500,"Census Tract 135, Bronx County, New York",36,005,013500,10.43,79.23,33.88,3633
36005013800,"Census Tract 138, Bronx County, New York",36,005,013800,18.82,63.45,11.11,2853
36005014100,"Census Tract 141, Bronx County, New York",36,005,014100,9.02,81.84,36.9,5752
36005014300,"Census Tract 143, Bronx County, New York",36,005,014300,6.92,86.9,33.25,1647
36005014400,"Census Tract 144, Bronx County, New York",36,005,014400,19.69,58.96,35.82,5479
36005014500,"Census Tract 145, Bronx County, New York",36,005,014500,9.17,74.82,39.04,7112
36005014701,"Census Tract 147.01, Bronx County, New York",36,005,014701,6.67,80.21,44.43,6162
36005014702,"Census Tract 147.02, Bronx County, New York",36,005,014702,12.86,66.4,41.2,5274
36005014900,"Census Tract 149, Bronx County, New York",36,005,014900,8.83,75.4,43.67,4611
36005015100,"Census Tract 151, Bronx County, New York",36,005,015100,10.05,70.79,33.43,5165
36005015200,"Census Tract 152, Bronx County, New York",36,005,015200,14.4,71.93,16.84,2604
36005015300,"Census Tract 153, Bronx County, New York",36,005,015300,8.3,79.27,31.49,4311
36005015500,"Census Tract 155, Bronx County, New York",36,005,015500,6.37,84.84,27.51,2934
36005015700,"Census Tract 157, Bronx County, New York",36,005,015700,15.41,79.39,34.69,4861
36005015800,"Census Tract 158, Bronx County, New York",36,005,015800,14.23,61.68,17.48,1307
36005015900,"Census Tract 159, Bronx County, New York",36,005,015900,18.06,54.4,40.33,2115
36005016000,"Census Tract 160, Bronx County, New York",36,005,016000,18.71,66.4,13.61,3769
36005016100,"Census Tract 161, Bronx County, New York",36,005,016100,15.95,65.64,40.62,4633
36005016200,"Census Tract 162, Bronx County, New York",36,005,016200,18.65,73.93,11.1,1839
36005016300,"Census Tract 163, Bronx County, New York",36,005,016300,,,,0
36005016400,"Census Tract 164, Bronx County, New York",36,005,016400,26.79,50.84,17.17,1019
36005016500,"Census Tract 165, Bronx County, New York",36,005,016500,3.11,92.81,24.51,1028
36005016600,"Census Tract 166, Bronx County, New York",36,005,016600,11.08,75.26,9.11,2229
36005016700,"Census Tract 167, Bronx County, New York",36,005,016700,5.75,81.66,40.16,3568
36005016900,"Census Tract 169, Bronx County, New York",36,005,016900,8.38,80.22,39.43,1658
36005017100,"Census Tract 171, Bronx County, New York",36,005,017100,,,,0
36005017300,"Census Tract 173, Bronx County, New York",36,005,017300,16.95,58.93,41.08,5963
36005017500,"Census Tract 175, Bronx County, New York",36,005,017500,14.87,67.11,34.57,6584
36005017701,"Census Tract 177.01, Bronx County, New York",36,005,017701,12.0,83.57,54.41,4501
36005017702,"Census Tract 177.02, Bronx County, New York",36,005,017702,10.34,75.96,29.07,5201
36005017901,"Census Tract 179.01, Bronx County, New York",36,005,017901,6.3,74.27,29.97,4955
36005017902,"Census Tract 179.02, Bronx County, New York",36,005,017902,6.38,81.15,34.44,3966
36005018101,"Census Tract 181.01, Bronx County, New York",36,005,018101,5.65,86.32,35.53,3451
36005018102,"Census Tract 181.02, Bronx County, New York",36,005,018102,16.99,65.67,36.62,5404
36005018301,"Census Tract 183.01, Bronx County, New York",36,005,018301,22.56,57.43,16.15,4490
36005018302,"Census Tract 183.02, Bronx County, New York",36,005,018302,7.56,82.15,13.79,3503
36005018400,"Census Tract 184, Bronx County, New York",36,005,018400,13.94,71.84,8.81,3997
36005018501,"Census Tract 185.01, Bronx County, New York",36,005,018501,2.57,94.08,21.49,2764
36005018502,"Census Tract 185.02, Bronx County, New York",36,005,018502,5.71,83.69,46.75,6395
36005018900,"Census Tract 189, Bronx County, New York",36,005,018900,5.61,88.19,37.86,8112
36005019300,"Census Tract 193, Bronx County, New York",36,005,019300,10.43,73.77,32.74,6289
36005019400,"Census Tract 194, Bronx County, New York",36,005,019400,12.69,69.22,15.14,2285
36005019500,"Census Tract 195, Bronx County, New York",36,005,019500,8.36,80.21,29.9,7097
36047050002,"Census Tract 500.02, Kings County, New York",36,047,050002,14.51,68.3,2.37,1813
36047050100,"Census Tract 501, Kings County, New York",36,047,050100,9.36,84.98,9.66,3249
36047050202,"Census Tract 502.02, Kings County, New York",36,047,050202,22.42,62.71,8.33,2293
36047050300,"Census Tract 503, Kings County, New York",36,047,050300,6.39,87.22,9.84,2724
36047050401,"Census Tract 504.01, Kings County, New York",36,047,050401,16.75,68.65,13.81,2925
36047050402,"Census Tract 504.02, Kings County, New York",36,047,050402,9.49,82.91,7.19,1918
36047050500,"Census Tract 505, Kings County, New York",36,047,050500,13.37,78.64,24.77,3964
36047050600,"Census Tract 506, Kings County, New York",36,047,050600,11.66,80.47,20.28,5069
36047050700,"Census Tract 507, Kings County, New York",36,047,050700,2.23,88.49,44.65,3189
36047050801,"Census Tract 508.01, Kings County, New York",36,047,050801,9.54,74.75,21.47,3691
36047050803,"Census Tract 508.03, Kings County, New York",36,047,050803,12.35,74.75,16.98,2648
36047050804,"Census Tract 508.04, Kings County, New York",36,047,050804,9.87,80.09,10.36,6121
36047050900,"Census Tract 509, Kings County, New York",36,047,050900,1.38,93.18,56.9,5777
36047051001,"Census Tract 510.01, Kings County, New York",36,047,051001,12.02,72.39,19.33,4677
36047051002,"Census Tract 510.02, Kings County, New York",36,047,051002,12.83,74.79,7.82,4131
36047051100,"Census Tract 511, Kings County, New York",36,047,051100,13.64,75.03,26.19,4326
36047051200,"Census Tract 512, Kings County, New York",36,047,051200,8.38,80.76,16.35,5823
36047051300,"Census Tract 513, Kings County, New York",36,047,051300,10.12,85.74,11.31,5413
36047051400,"Census Tract 514, Kings County, New York",36,047,051400,9.15,76.04,23.53,7572
36047051500,"Census Tract 515, Kings County, New York",36,047,051500,2.15,95.55,4.81,2608
36047051601,"Census Tract 516.01, Kings County, New York",36,047,051601,10.01,76.96,16.37,5123
36047051602,"Census Tract 516.02, Kings County, New York",36,047,051602,15.35,69.4,13.21,3884
36047051700,"Census Tract 517, Kings County, New York",36,047,051700,2.97,94.67,8.1,2691
36047051800,"Census Tract 518, Kings County, New York",36,047,051800,20.59,69.01,6.2,3128
36047051900,"Census Tract 519, Kings County, New York",36,047,051900,3.47,94.74,4.67,5163
36047052000,"Census Tract 520, Kings County, New York",36,047,052000,11.35,74.34,10.46,3708
36047052300,"Census Tract 523, Kings County, New York",36,047,052300,13.82,71.76,19.81,5049
36047052500,"Census Tract 525, Kings County, New York",36,047,052500,15.54,67.34,20.77,3495
36047052600,"Census Tract 526, Kings County, New York",36,047,052600,9.93,79.88,9.97,4521
36047052700,"Census Tract 527, Kings County, New York",36,047,052700,11.17,79.24,12.57,6438
36047052800,"Census Tract 528, Kings County, New York",36,047,052800,18.5,66.87,14.15,1800
36047052900,"Census Tract 529, Kings County, New York",36,047,052900,7.43,80.2,45.62,3473
36047053000,"Census Tract 530, Kings County, New York",36,047,053000,13.15,65.71,29.11,3862
36047053101,"Census Tract 531.01, Kings County, New York",36,047,053101,7.04,76.58,59.83,2487
36047053102,"Census Tract 531.02, Kings County, New York",36,047,053102,0.3,98.39,50.7,6053
36047053200,"Census Tract 532, Kings County, New York",36,047,053200,17.89,59.49,20.14,2756
36047053300,"Census Tract 533, Kings County, New York",36,047,053300,11.73,67.89,48.95,6617
36047053400,"Census Tract 534, Kings County, New York",36,047,053400,13.99,66.49,20.66,4659
36047053500,"Census Tract 535, Kings County, New York",36,047,053500,6.29,78.71,45.1,3767
36047053700,"Census Tract 537, Kings County, New York",36,047,053700,9.31,83.9,42.36,3749
36047053800,"Census Tract 538, Kings County, New York",36,047,053800,14.34,68.67,12.37,5487
36047053900,"Census Tract 539, Kings County, New York",36,047,053900,22.25,55.04,53.04,2517
36047054200,"Census Tract 542, Kings County, New York",36,047,054200,23.51,54.81,17.26,4096
36047054300,"Census Tract 543, Kings County, New York",36,047,054300,,,,0
36047054400,"Census Tract 544, Kings County, New York",36,047,054400,18.5,62.68,14.09,3590
36047054500,"Census Tract 545, Kings County, New York",36,047,054500,16.84,63.73,54.14,8035
